transaction_id,risk_probability,amount,isFraud,strategy_a_selected,riskpilot_selected,selection_category
1,0.9926372675366812,341.3,1,False,False,NEITHER
2,0.9999451825894612,696575.46,1,False,False,NEITHER
3,0.9966671154265329,696575.46,1,False,False,NEITHER
4,0.9984493319670545,952234.12,1,False,False,NEITHER
5,0.9999539772418403,3120690.98,1,False,False,NEITHER
6,0.9999773982752989,10000000.0,1,True,True,BOTH
7,0.9966673577416987,952234.12,1,False,False,NEITHER
8,0.9998827270789116,2391612.36,1,False,False,NEITHER
9,0.999952233461324,2391612.36,1,False,False,NEITHER
10,0.9647488589175921,341.3,1,False,False,NEITHER
11,0.9995338527502454,10000000.0,1,False,False,NEITHER
12,0.9990269632191154,3120690.98,1,False,False,NEITHER
13,0.9993249359305949,407347.84,1,False,False,NEITHER
14,0.9527575844614395,52541.42,1,False,False,NEITHER
15,0.999079366713476,82209.71,1,False,False,NEITHER
16,0.9828613544859941,407347.84,1,False,False,NEITHER
17,0.9999303249257828,480404.03,1,False,False,NEITHER
18,0.9946041482163228,480404.03,1,False,False,NEITHER
19,0.9867764906204749,52541.42,1,False,False,NEITHER
20,0.9920754954165878,82209.71,1,False,False,NEITHER
21,0.9993250435005137,75480.15,1,False,False,NEITHER
22,0.9972439059906294,125107.12,1,False,False,NEITHER
23,0.9984164572376417,4128853.75,1,False,False,NEITHER
24,0.9991225918169364,125107.12,1,False,False,NEITHER
25,0.9880879781230791,405400.26,1,False,False,NEITHER
26,0.9999467034404276,4128853.75,1,False,False,NEITHER
27,0.9898066858650032,75480.15,1,False,False,NEITHER
28,0.9994638248194838,405400.26,1,False,False,NEITHER
29,0.9986496408703961,26153.82,1,False,False,NEITHER
30,0.9993940736542076,114864.37,1,False,False,NEITHER
31,0.9964611874712574,114864.37,1,False,False,NEITHER
32,0.9999303249257828,458603.07,1,False,False,NEITHER
33,0.9999467034404276,9168747.51,1,False,False,NEITHER
34,0.9999823833197872,9168747.51,1,True,True,BOTH
35,0.9948409834183357,458603.07,1,False,False,NEITHER
36,0.9823996504494705,215299.28,1,False,False,NEITHER
37,0.9766814916705344,26153.82,1,False,False,NEITHER
38,0.9993767678412128,215299.28,1,False,False,NEITHER
39,0.999952233461324,1387048.31,1,False,False,NEITHER
40,0.9963846726298975,344673.46,1,False,False,NEITHER
41,0.9981702592359681,1363674.48,1,False,False,NEITHER
42,0.999952233461324,1363674.48,1,False,False,NEITHER
43,0.9992594129394828,568918.32,1,False,False,NEITHER
44,0.9998900584572107,1387048.31,1,False,False,NEITHER
45,0.9812730107943465,182739.36,1,False,False,NEITHER
46,0.9983937329069877,13128.49,1,False,False,NEITHER
47,0.9999209616299026,438394.67,1,False,False,NEITHER
48,0.9875066794364565,13128.49,1,False,False,NEITHER
49,0.9908519873764808,438394.67,1,False,False,NEITHER
50,0.99920667787247,344673.46,1,False,False,NEITHER
51,0.9997219493415241,182739.36,1,False,False,NEITHER
52,0.999071014821688,580010.03,1,False,False,NEITHER
53,0.9978584829988975,568918.32,1,False,False,NEITHER
54,0.999942762085593,580010.03,1,False,False,NEITHER
55,0.9992314151577996,729078.34,1,False,False,NEITHER
56,0.990197264243329,222517.07,1,False,False,NEITHER
57,0.999952233461324,1455839.54,1,False,False,NEITHER
58,0.9981046195073401,654250.76,1,False,False,NEITHER
59,0.9995135551242004,146095.73,1,False,False,NEITHER
60,0.9968297058433613,146095.73,1,False,False,NEITHER
61,0.9999451825894612,729078.34,1,False,False,NEITHER
62,0.9998199584121882,1455839.54,1,False,False,NEITHER
63,0.9936017838674719,89657.36,1,False,False,NEITHER
64,0.9991447125325419,222517.07,1,False,False,NEITHER
65,0.9997838922668805,654250.76,1,False,False,NEITHER
66,0.990771600399945,89657.36,1,False,False,NEITHER
67,0.07003555857862341,82892.93,0,False,False,NEITHER
68,0.0,35189.82,0,False,False,NEITHER
69,0.0,11179.25,0,False,False,NEITHER
70,0.024302916294959655,60148.33,0,False,False,NEITHER
71,0.03553981603683063,14404.68,0,False,False,NEITHER
72,0.01691579509198945,38415.67,0,False,False,NEITHER
73,0.01851006751868821,518217.0,0,False,False,NEITHER
74,0.06760031347381869,304874.43,0,False,False,NEITHER
75,0.02132178039945166,323682.26,0,False,False,NEITHER
76,0.005,19480.62,0,False,False,NEITHER
77,0.0075,55021.85,0,False,False,NEITHER
78,0.13949224844324337,67139.16,0,False,False,NEITHER
79,0.0,9794.02,0,False,False,NEITHER
80,0.0,145400.52,0,False,False,NEITHER
81,0.0033812703215137267,278745.2,0,False,False,NEITHER
82,0.0,41500.79,0,False,False,NEITHER
83,0.00012681159420289856,9536.2,0,False,False,NEITHER
84,0.01723486707958154,59981.31,0,False,False,NEITHER
85,0.0034473103253917147,258968.98,0,False,False,NEITHER
86,0.023247896474463205,25285.92,0,False,False,NEITHER
87,0.0032370346606964908,149969.79,0,False,False,NEITHER
88,0.0,422865.15,0,False,False,NEITHER
89,0.9883312411096594,107246.03,1,False,False,NEITHER
90,0.9993133719346622,107246.03,1,False,False,NEITHER
91,0.0,12300.96,0,False,False,NEITHER
92,0.003333333333333333,616277.29,0,False,False,NEITHER
93,0.9981702592359681,3845765.36,1,False,False,NEITHER
94,0.9999467034404276,3845765.36,1,False,False,NEITHER
95,0.0,5277.49,0,False,False,NEITHER
96,0.9999303249257828,447474.67,1,False,False,NEITHER
97,0.982581935748578,58521.53,1,False,False,NEITHER
98,0.9987301244672174,58521.53,1,False,False,NEITHER
99,0.9928780805273355,246280.14,1,False,False,NEITHER
100,0.9994109338837633,246280.14,1,False,False,NEITHER
101,0.9889529186017877,48605.54,1,False,False,NEITHER
102,0.9981422152449784,48605.54,1,False,False,NEITHER
103,0.995880471131252,447474.67,1,False,False,NEITHER
104,0.0,2988.67,0,False,False,NEITHER
105,0.0,132262.48,0,False,False,NEITHER
106,0.003426221038911042,777402.3,0,False,False,NEITHER
107,0.003481488177661366,166541.49,0,False,False,NEITHER
108,0.0,414135.3,0,False,False,NEITHER
109,0.0,24398.81,0,False,False,NEITHER
110,6.231198968629137e-05,204866.19,0,False,False,NEITHER
111,0.0,38190.53,0,False,False,NEITHER
112,0.052474465168532845,18771.98,0,False,False,NEITHER
113,0.0,167615.07,0,False,False,NEITHER
114,0.003463080710862007,1367078.77,0,False,False,NEITHER
115,0.014984796128816045,100247.74,0,False,False,NEITHER
116,0.0,2075.8,0,False,False,NEITHER
117,0.0,15799.35,0,False,False,NEITHER
118,0.0,5039.38,0,False,False,NEITHER
119,0.0,8849.9,0,False,False,NEITHER
120,0.0,97198.15,0,False,False,NEITHER
121,0.004722222222222222,47555.6,0,False,False,NEITHER
122,0.0,32658.26,0,False,False,NEITHER
123,0.0,2344.98,0,False,False,NEITHER
124,0.003254471691371405,355673.28,0,False,False,NEITHER
125,0.0,243583.6,0,False,False,NEITHER
126,0.0,4870.55,0,False,False,NEITHER
127,0.0033973727250672693,123070.35,0,False,False,NEITHER
128,0.03579843997743787,45350.44,0,False,False,NEITHER
129,0.0077156312259093595,120954.31,0,False,False,NEITHER
130,0.0,16970.86,0,False,False,NEITHER
131,0.056363807135490315,45419.32,0,False,False,NEITHER
132,0.997663591996021,43996.54,1,False,False,NEITHER
133,0.9903876094621112,43996.54,1,False,False,NEITHER
134,0.9942908366782099,249017.98,1,False,False,NEITHER
135,0.9999467034404276,5101855.95,1,False,False,NEITHER
136,0.9994109338837633,249017.98,1,False,False,NEITHER
137,0.9999830018904491,5101855.95,1,True,True,BOTH
138,0.9995440714922637,134293.12,1,False,False,NEITHER
139,0.9999527751588864,1559540.62,1,False,False,NEITHER
140,0.99920667787247,345116.0,1,False,False,NEITHER
141,0.9855644946317861,134293.12,1,False,False,NEITHER
142,0.999952233461324,1559540.62,1,False,False,NEITHER
143,0.9978527506739351,7788725.2,1,False,False,NEITHER
144,0.9999467034404276,7788725.2,1,False,False,NEITHER
145,0.9962545009622994,345116.0,1,False,False,NEITHER
146,0.9999451825894612,711932.67,1,False,False,NEITHER
147,0.9965020235808842,349627.64,1,False,False,NEITHER
148,0.9860716373794612,49199.2,1,False,False,NEITHER
149,0.9988730019887844,305846.12,1,False,False,NEITHER
150,0.9997178086881839,208253.11,1,False,False,NEITHER
151,0.999065863876184,711932.67,1,False,False,NEITHER
152,0.9864196518699395,208253.11,1,False,False,NEITHER
153,0.9994109338837633,246250.77,1,False,False,NEITHER
154,0.999486980902773,349627.64,1,False,False,NEITHER
155,0.9884220258280862,45890.12,1,False,False,NEITHER
156,0.9982789766114056,45890.12,1,False,False,NEITHER
157,0.997621907121729,49199.2,1,False,False,NEITHER
158,0.995257419939501,305846.12,1,False,False,NEITHER
159,0.9917636327831001,246250.77,1,False,False,NEITHER
160,0.9910059819296414,87698.36,1,False,False,NEITHER
161,0.999952233461324,1732090.28,1,False,False,NEITHER
162,6.231198968629137e-05,181036.45,0,False,False,NEITHER
163,0.9983386259727353,87698.36,1,False,False,NEITHER
164,0.0336887464797603,2589.99,0,False,False,NEITHER
165,0.0032370346606964908,403638.13,0,False,False,NEITHER
166,0.0,181689.33,0,False,False,NEITHER
167,0.0,937.54,0,False,False,NEITHER
168,0.9981702592359681,1266752.6,1,False,False,NEITHER
169,0.020760050687369233,65246.76,0,False,False,NEITHER
170,0.016419411081766217,104332.12,0,False,False,NEITHER
171,0.016904272679784126,110106.46,0,False,False,NEITHER
172,0.0,235843.72,0,False,False,NEITHER
173,6.231198968629137e-05,298385.16,0,False,False,NEITHER
174,0.9925750934487584,40867.66,1,False,False,NEITHER
175,0.9909242997979648,46973.96,1,False,False,NEITHER
176,0.999952233461324,1266752.6,1,False,False,NEITHER
177,0.0033313327211892817,131897.88,0,False,False,NEITHER
178,1.7405430494314226e-06,69723.15,0,False,False,NEITHER
179,0.9959820754208596,40867.66,1,False,False,NEITHER
180,0.9915986569310858,46973.96,1,False,False,NEITHER
181,0.978105579408295,49871.73,1,False,False,NEITHER
182,0.9999753101566937,1732090.28,1,False,False,NEITHER
183,0.9995783337865402,144254.93,1,False,False,NEITHER
184,0.9893039194325435,144254.93,1,False,False,NEITHER
185,0.9976139747875336,49871.73,1,False,False,NEITHER
186,0.00012681159420289856,2778.39,0,False,False,NEITHER
187,0.05212437387780735,117103.53,0,False,False,NEITHER
188,0.016862893369439295,232534.98,0,False,False,NEITHER
189,0.005854341736694678,1978497.4,0,False,False,NEITHER
190,0.00012681159420289856,4765.24,0,False,False,NEITHER
191,0.010265349986181626,176061.65,0,False,False,NEITHER
192,0.00597374699755877,276029.67,0,False,False,NEITHER
193,0.0,13673.61,0,False,False,NEITHER
194,0.020107682422021333,66674.97,0,False,False,NEITHER
195,0.008189241580992757,79926.08,0,False,False,NEITHER
196,0.02711058111524963,307455.5,0,False,False,NEITHER
197,0.9916225682360339,115599.26,1,False,False,NEITHER
198,0.9999773982752989,2666139.51,1,True,True,BOTH
199,0.999952233461324,2666139.51,1,False,False,NEITHER
200,0.9993940736542076,115599.26,1,False,False,NEITHER
201,0.9964069187434752,19646.09,1,False,False,NEITHER
202,0.9999539772418403,2938833.22,1,False,False,NEITHER
203,0.9928989059631702,19646.09,1,False,False,NEITHER
204,0.9920181357291379,2205.55,1,False,False,NEITHER
205,0.9976555515962449,2205.55,1,False,False,NEITHER
206,0.9981702592359681,2938833.22,1,False,False,NEITHER
207,0.9999303249257828,450060.37,1,False,False,NEITHER
208,0.013787025828334718,59865.19,0,False,False,NEITHER
209,0.0,1323.54,0,False,False,NEITHER
210,0.0,4570.25,0,False,False,NEITHER
211,0.0,266378.36,0,False,False,NEITHER
212,0.9946939245948063,450060.37,1,False,False,NEITHER
213,0.0,424144.76,0,False,False,NEITHER
214,0.0,33452.82,0,False,False,NEITHER
215,0.0,356402.37,0,False,False,NEITHER
216,0.00012681159420289856,4149.37,0,False,False,NEITHER
217,0.0,19120.97,0,False,False,NEITHER
218,0.0033210084033613446,211800.93,0,False,False,NEITHER
219,0.9987528539186461,330665.02,1,False,False,NEITHER
220,0.0,9942.01,0,False,False,NEITHER
221,0.0,15999.9,0,False,False,NEITHER
222,0.9930726357575712,330665.02,1,False,False,NEITHER
223,0.0,6573.81,0,False,False,NEITHER
224,0.9935224594017252,32660.58,1,False,False,NEITHER
225,0.9979607781579053,20281.44,1,False,False,NEITHER
226,0.9852392066407899,20281.44,1,False,False,NEITHER
227,0.00012681159420289856,4875.09,0,False,False,NEITHER
228,0.012621753246753247,624.29,0,False,False,NEITHER
229,0.008333333333333333,178721.3,0,False,False,NEITHER
230,0.0032370346606964908,297096.64,0,False,False,NEITHER
231,0.0,300964.66,0,False,False,NEITHER
232,0.9978428695039367,32660.58,1,False,False,NEITHER
233,0.9999527751588864,3092085.39,1,False,False,NEITHER
234,0.9787820502277017,1707.4,1,False,False,NEITHER
235,0.9971914711364747,1707.4,1,False,False,NEITHER
236,0.9963328216895164,40651.96,1,False,False,NEITHER
237,0.9990182309027731,352179.76,1,False,False,NEITHER
238,0.9900158007927948,40651.96,1,False,False,NEITHER
239,0.9981702592359681,4222595.06,1,False,False,NEITHER
240,0.992120547994213,44482.33,1,False,False,NEITHER
241,0.9999467034404276,4222595.06,1,False,False,NEITHER
242,0.9986635919960212,44482.33,1,False,False,NEITHER
243,0.9999539772418403,3092085.39,1,False,False,NEITHER
244,0.9996984751631203,161147.38,1,False,False,NEITHER
245,0.9938088311149723,352179.76,1,False,False,NEITHER
246,0.9968897855990037,161147.38,1,False,False,NEITHER
247,0.0,15569.91,0,False,False,NEITHER
248,0.0033747126436781604,101931.18,0,False,False,NEITHER
249,0.10801511996038403,58979.06,0,False,False,NEITHER
250,0.0523994826073667,216503.09,0,False,False,NEITHER
251,0.0,20397.7,0,False,False,NEITHER
252,0.9981927620855928,628033.58,1,False,False,NEITHER
253,0.0,15099.85,0,False,False,NEITHER
254,0.9999467034404276,4438931.81,1,False,False,NEITHER
255,0.0,100249.37,0,False,False,NEITHER
256,0.9999355523173145,513610.51,1,False,False,NEITHER
257,0.003235294117647059,269734.64,0,False,False,NEITHER
258,0.9883016344498466,513610.51,1,False,False,NEITHER
259,0.003,413502.09,0,False,False,NEITHER
260,0.024289054971040943,69628.04,0,False,False,NEITHER
261,0.01529826751909916,366576.55,0,False,False,NEITHER
262,0.024193554455274935,10096.08,0,False,False,NEITHER
263,0.0,1425.15,0,False,False,NEITHER
264,0.00012681159420289856,8064.42,0,False,False,NEITHER
265,0.018037511297808204,24825.21,0,False,False,NEITHER
266,0.0,282640.39,0,False,False,NEITHER
267,0.8405951592694834,36906.81,0,False,False,NEITHER
268,8.571428571428571e-05,164971.98,0,False,False,NEITHER
269,0.0,4083.09,0,False,False,NEITHER
270,0.0,36117.93,0,False,False,NEITHER
271,0.008451681213862187,80178.44,0,False,False,NEITHER
272,0.0,17369.92,0,False,False,NEITHER
273,0.0,9723.6,0,False,False,NEITHER
274,0.9995018553896848,228751.77,1,False,False,NEITHER
275,0.008451681213862187,76286.61,0,False,False,NEITHER
276,0.0,206817.72,0,False,False,NEITHER
277,0.9947297759478488,70669.49,1,False,False,NEITHER
278,0.0,6214.82,0,False,False,NEITHER
279,0.0,163724.99,0,False,False,NEITHER
280,0.9985630857379565,70669.49,1,False,False,NEITHER
281,0.9858880673556331,228751.77,1,False,False,NEITHER
282,0.0,10548.75,0,False,False,NEITHER
283,0.0,1944.91,0,False,False,NEITHER
284,0.0,12771.4,0,False,False,NEITHER
285,0.0025017405430494315,60993.0,0,False,False,NEITHER
286,0.9997983341472759,4438931.81,1,False,False,NEITHER
287,0.9969023589596776,628033.58,1,False,False,NEITHER
288,0.0,159313.41,0,False,False,NEITHER
289,0.0,10936.36,0,False,False,NEITHER
290,0.008318181818181818,863.99,0,False,False,NEITHER
291,0.00012681159420289856,6327.98,0,False,False,NEITHER
292,0.9993767678412128,214760.72,1,False,False,NEITHER
293,0.9952913425409146,326250.51,1,False,False,NEITHER
294,0.9981702592359681,1576874.04,1,False,False,NEITHER
295,0.9982157731629003,21990.52,1,False,False,NEITHER
296,0.999952233461324,1576874.04,1,False,False,NEITHER
297,0.9865179420046615,214760.72,1,False,False,NEITHER
298,0.9994883440062071,10000000.0,1,False,False,NEITHER
299,0.9981702592359681,10000000.0,1,False,False,NEITHER
300,0.9987528539186461,326250.51,1,False,False,NEITHER
301,0.99028156475788,21990.52,1,False,False,NEITHER
302,0.9986895701294723,10000000.0,1,False,False,NEITHER
303,0.9981702592359681,10000000.0,1,False,False,NEITHER
304,0.99638395822954,10000000.0,1,False,False,NEITHER
305,0.9825834929919621,10000000.0,1,False,False,NEITHER
306,0.9981702592359681,10000000.0,1,False,False,NEITHER
307,0.9848683500701143,43071.62,1,False,False,NEITHER
308,0.9999473291375008,6468916.64,1,False,False,NEITHER
309,0.9992594129394828,568292.72,1,False,False,NEITHER
310,0.998134656810836,43071.62,1,False,False,NEITHER
311,0.9978584829988975,568292.72,1,False,False,NEITHER
312,0.9999823833197872,10000000.0,1,True,True,BOTH
313,0.9999823833197872,10000000.0,1,True,True,BOTH
314,0.9996744021465758,10000000.0,1,False,False,NEITHER
315,0.9981702592359681,10000000.0,1,False,False,NEITHER
316,0.5254288161529445,399045.08,1,False,False,NEITHER
317,0.9994850694102656,10000000.0,1,False,False,NEITHER
318,0.8687846905990387,0.0,1,False,False,NEITHER
319,0.9999467034404276,6468916.64,1,False,False,NEITHER
320,0.8687846905990387,0.0,1,False,False,NEITHER
321,0.9829711030901103,10000000.0,1,False,False,NEITHER
322,0.9932449494865453,61846.05,1,False,False,NEITHER
323,0.9985445350150506,61846.05,1,False,False,NEITHER
324,0.9999493319670545,964876.58,1,False,False,NEITHER
325,0.9997971981346019,964876.58,1,False,False,NEITHER
326,0.999952233461324,1517771.48,1,False,False,NEITHER
327,0.9996684432606732,1517771.48,1,False,False,NEITHER
328,0.999952233461324,2253811.33,1,False,False,NEITHER
329,0.9981702592359681,2253811.33,1,False,False,NEITHER
330,0.9983298742145965,64202.85,1,False,False,NEITHER
331,0.9862404653624378,64202.85,1,False,False,NEITHER
332,0.9997084550105191,774868.1,1,False,False,NEITHER
333,0.9999451825894612,774868.1,1,False,False,NEITHER
334,0.9944232035258121,468638.03,1,False,False,NEITHER
335,0.9999303249257828,468638.03,1,False,False,NEITHER
336,0.9862346570537899,27584.17,1,False,False,NEITHER
337,0.9992187336647504,27584.17,1,False,False,NEITHER
338,0.999617711178405,1086227.44,1,False,False,NEITHER
339,0.9999493319670545,1086227.44,1,False,False,NEITHER
340,0.9734816087289084,17733.57,1,False,False,NEITHER
341,0.9974330433673226,17733.57,1,False,False,NEITHER
342,0.9969979517411375,398045.73,1,False,False,NEITHER
343,0.9996425186057725,398045.73,1,False,False,NEITHER
344,0.9970363774650209,1005346.72,1,False,False,NEITHER
345,0.9999493319670545,1005346.72,1,False,False,NEITHER
346,0.9985732000417268,733119.42,1,False,False,NEITHER
347,0.9999451825894612,733119.42,1,False,False,NEITHER
348,0.9981673577416987,963966.56,1,False,False,NEITHER
349,0.9999493319670545,963966.56,1,False,False,NEITHER
350,0.9884207514337708,177429.18,1,False,False,NEITHER
351,0.9997219493415241,177429.18,1,False,False,NEITHER
352,0.9968297058433613,150205.64,1,False,False,NEITHER
353,0.9997688976983317,150205.64,1,False,False,NEITHER
354,0.9923532127120689,30674.98,1,False,False,NEITHER
355,0.9969164753910118,30674.98,1,False,False,NEITHER
356,0.00037592001969237134,175359.92,0,False,False,NEITHER
357,0.0,52247.16,0,False,False,NEITHER
358,0.0,3797.56,0,False,False,NEITHER
359,0.0,4448.25,0,False,False,NEITHER
360,0.9828111158490523,230652.43,1,False,False,NEITHER
361,0.9993095476973771,230652.43,1,False,False,NEITHER
362,0.9848704563142984,50523.78,1,False,False,NEITHER
363,0.9970787996667607,50523.78,1,False,False,NEITHER
364,0.9965576927372832,18982.32,1,False,False,NEITHER
365,0.9876296894687183,18982.32,1,False,False,NEITHER
366,0.999952233461324,1264551.38,1,False,False,NEITHER
367,0.9981702592359681,1264551.38,1,False,False,NEITHER
368,0.9999467034404276,4480592.14,1,False,False,NEITHER
369,0.9999704368623468,4480592.14,1,False,False,NEITHER
370,0.9986672524046231,71666.93,1,False,False,NEITHER
371,0.9874397629688417,71666.93,1,False,False,NEITHER
372,0.9999451825894612,916886.3,1,False,False,NEITHER
373,0.9996975418937265,916886.3,1,False,False,NEITHER
374,0.9999451825894612,692654.27,1,False,False,NEITHER
375,0.9980486621715157,692654.27,1,False,False,NEITHER
376,0.9996284870766793,130777.09,1,False,False,NEITHER
377,0.9898704506473434,65494.78,1,False,False,NEITHER
378,0.9994665716094024,595558.89,1,False,False,NEITHER
379,0.9940768085992058,595558.89,1,False,False,NEITHER
380,0.9999539772418403,2935952.76,1,False,False,NEITHER
381,0.9969530651529914,130777.09,1,False,False,NEITHER
382,0.9996762301961859,9996886.64,1,False,False,NEITHER
383,0.9997983341472759,9996886.64,1,False,False,NEITHER
384,0.9982811729158952,65494.78,1,False,False,NEITHER
385,0.9999527751588864,2935952.76,1,False,False,NEITHER
386,0.9932095623776895,92043.22,1,False,False,NEITHER
387,0.9982219802774551,740124.95,1,False,False,NEITHER
388,0.9897423081458149,80397.86,1,False,False,NEITHER
389,0.9981702592359681,2054631.55,1,False,False,NEITHER
390,0.999952233461324,2054631.55,1,False,False,NEITHER
391,0.9999855220517394,2911505.23,1,True,True,BOTH
392,0.9950505149394867,258570.41,1,False,False,NEITHER
393,0.9999539772418403,2911505.23,1,False,False,NEITHER
394,0.9986995374276391,80397.86,1,False,False,NEITHER
395,0.9999451825894612,740124.95,1,False,False,NEITHER
396,0.9901890348129838,92043.22,1,False,False,NEITHER
397,0.9976856057532197,762782.66,1,False,False,NEITHER
398,0.9983191696975333,258570.41,1,False,False,NEITHER
399,0.9998471433737748,762782.66,1,False,False,NEITHER
400,0.999942762085593,598426.68,1,False,False,NEITHER
401,0.9049740820065978,119.65,1,False,False,NEITHER
402,0.9997903468565643,940957.88,1,False,False,NEITHER
403,0.9994853965071182,128440.4,1,False,False,NEITHER
404,0.9998064748241974,940957.88,1,False,False,NEITHER
405,0.9857796034119133,128440.4,1,False,False,NEITHER
406,0.9988787071293802,598426.68,1,False,False,NEITHER
407,0.946928788593602,119.65,1,False,False,NEITHER
408,0.9999451825894612,668595.91,1,False,False,NEITHER
409,0.9735294049552004,48712.12,1,False,False,NEITHER
410,0.9981702592359681,1290224.84,1,False,False,NEITHER
411,0.9964611874712574,114627.08,1,False,False,NEITHER
412,0.9993940736542076,114627.08,1,False,False,NEITHER
413,0.9991779710884472,668595.91,1,False,False,NEITHER
414,0.9982017390545022,48712.12,1,False,False,NEITHER
415,0.999952233461324,1290224.84,1,False,False,NEITHER
416,0.9968389751056064,253648.68,1,False,False,NEITHER
417,0.9982789766114056,45758.71,1,False,False,NEITHER
418,0.992120547994213,45758.71,1,False,False,NEITHER
419,0.9994109338837633,253648.68,1,False,False,NEITHER
420,0.0,248761.03,0,False,False,NEITHER
421,0.0,3473.17,0,False,False,NEITHER
422,0.0033812703215137267,271728.96,0,False,False,NEITHER
423,0.003235294117647059,187083.37,0,False,False,NEITHER
424,0.0056370656370656365,2201.43,0,False,False,NEITHER
425,0.0,9730.94,0,False,False,NEITHER
426,0.0,3962.81,0,False,False,NEITHER
427,0.0533198109491213,375913.75,0,False,False,NEITHER
428,0.015938839884992888,637278.87,0,False,False,NEITHER
429,0.0,87871.17,0,False,False,NEITHER
430,0.0013513513513513514,666.17,0,False,False,NEITHER
431,0.0,8215.54,0,False,False,NEITHER
432,0.9968764347088639,46291.81,1,False,False,NEITHER
433,0.990795132973083,46291.81,1,False,False,NEITHER
434,0.9990459905931734,5349.74,1,False,False,NEITHER
435,0.0,31957.63,0,False,False,NEITHER
436,0.9923327093177093,110528.53,1,False,False,NEITHER
437,0.9779952408928652,766257.55,1,False,False,NEITHER
438,0.9998471433737748,766257.55,1,False,False,NEITHER
439,0.9999527751588864,9468064.05,1,False,False,NEITHER
440,0.9998247522209154,9468064.05,1,False,False,NEITHER
441,0.9937121635770488,283121.68,1,False,False,NEITHER
442,0.9994903340614171,283121.68,1,False,False,NEITHER
443,0.0,3403.8,0,False,False,NEITHER
444,0.9909981903710117,5349.74,1,False,False,NEITHER
445,0.9946774408139478,494446.94,1,False,False,NEITHER
446,0.9886326540010373,84007.22,1,False,False,NEITHER
447,0.9999303249257828,494446.94,1,False,False,NEITHER
448,0.9791332493363274,110528.53,1,False,False,NEITHER
449,0.9988162088187391,84007.22,1,False,False,NEITHER
450,0.00012681159420289856,1907.31,0,False,False,NEITHER
451,0.0,160941.44,0,False,False,NEITHER
452,0.0,2062.7,0,False,False,NEITHER
453,0.0,7724.47,0,False,False,NEITHER
454,0.004047619047619047,87.55,0,False,False,NEITHER
455,0.0,5624.87,0,False,False,NEITHER
456,0.0,13632.76,0,False,False,NEITHER
457,0.0,82901.3,0,False,False,NEITHER
458,0.006021060830947137,273257.36,0,False,False,NEITHER
459,0.0,1628.03,0,False,False,NEITHER
460,0.0,12521.25,0,False,False,NEITHER
461,0.00012681159420289856,8928.17,0,False,False,NEITHER
462,0.003235294117647059,888782.82,0,False,False,NEITHER
463,0.999952233461324,1619313.55,1,False,False,NEITHER
464,0.999952233461324,2333929.91,1,False,False,NEITHER
465,0.9941221444145785,24853.41,1,False,False,NEITHER
466,0.9825827652194831,41428.9,1,False,False,NEITHER
467,0.9981702592359681,1619313.55,1,False,False,NEITHER
468,0.9993622933094204,24853.41,1,False,False,NEITHER
469,0.9998282815184533,2429711.09,1,False,False,NEITHER
470,0.999952233461324,2429711.09,1,False,False,NEITHER
471,0.9994436245148092,2333929.91,1,False,False,NEITHER
472,0.9955527824915669,41428.9,1,False,False,NEITHER
473,0.9903166202370264,120582.86,1,False,False,NEITHER
474,0.9999823833197872,8730600.58,1,True,True,BOTH
475,0.999942762085593,619824.64,1,False,False,NEITHER
476,0.9999467034404276,8730600.58,1,False,False,NEITHER
477,0.9946098899110316,24522.52,1,False,False,NEITHER
478,0.9979662089028379,619824.64,1,False,False,NEITHER
479,0.9993940736542076,120582.86,1,False,False,NEITHER
480,0.999952233461324,1641792.79,1,False,False,NEITHER
481,0.9999766970391322,1641792.79,1,True,True,BOTH
482,0.9820631763096326,54583.71,1,False,False,NEITHER
483,0.99385075009083,54583.71,1,False,False,NEITHER
484,0.9993622933094204,24522.52,1,False,False,NEITHER
485,0.999079366713476,82535.57,1,False,False,NEITHER
486,0.9884953191137023,82535.57,1,False,False,NEITHER
487,0.0,198874.91,0,False,False,NEITHER
488,0.004318181818181818,7081.31,0,False,False,NEITHER
489,0.9981702592359681,1423627.83,1,False,False,NEITHER
490,0.9970787996667607,50577.26,1,False,False,NEITHER
491,0.9895638833543736,420270.22,1,False,False,NEITHER
492,0.03600173961133041,185142.69,0,False,False,NEITHER
493,0.0,723.51,0,False,False,NEITHER
494,6.231198968629137e-05,389900.04,0,False,False,NEITHER
495,0.0,190811.71,0,False,False,NEITHER
496,0.00012681159420289856,6501.26,0,False,False,NEITHER
497,0.0,5809.12,0,False,False,NEITHER
498,0.008831453521008796,134726.54,0,False,False,NEITHER
499,0.0,206119.9,0,False,False,NEITHER
500,0.004857142857142857,366067.56,0,False,False,NEITHER
501,0.999952233461324,1423627.83,1,False,False,NEITHER
502,0.999952233461324,1467987.57,1,False,False,NEITHER
503,0.0,13235.21,0,False,False,NEITHER
504,0.0,8031.09,0,False,False,NEITHER
505,0.9981702592359681,1467987.57,1,False,False,NEITHER
506,0.008831453521008796,102987.12,0,False,False,NEITHER
507,0.00012681159420289856,4276.61,0,False,False,NEITHER
508,0.003507702683336309,395616.84,0,False,False,NEITHER
509,0.0,5525.09,0,False,False,NEITHER
510,0.0,14875.76,0,False,False,NEITHER
511,0.0,12255.2,0,False,False,NEITHER
512,0.999952233461324,1321984.45,1,False,False,NEITHER
513,0.9981702592359681,1321984.45,1,False,False,NEITHER
514,0.9741341087627242,50577.26,1,False,False,NEITHER
515,0.9987814712500013,420270.22,1,False,False,NEITHER
516,0.024017135774357143,5931.96,0,False,False,NEITHER
517,0.0,7302.63,0,False,False,NEITHER
518,0.0032457333384974646,142554.85,0,False,False,NEITHER
519,0.0,17762.01,0,False,False,NEITHER
520,0.004579953284102422,73520.63,0,False,False,NEITHER
521,0.014642857142857145,7509878.57,0,False,False,NEITHER
522,0.0,1870.13,0,False,False,NEITHER
523,0.0,140600.7,0,False,False,NEITHER
524,0.002916666666666667,131309.47,0,False,False,NEITHER
525,0.006116255873162049,143191.27,0,False,False,NEITHER
526,0.999942762085593,619502.08,1,False,False,NEITHER
527,0.986375648237394,6749.18,1,False,False,NEITHER
528,0.9800994463524539,51725.86,1,False,False,NEITHER
529,0.9966684249124882,227994.78,1,False,False,NEITHER
530,0.9983937329069877,14360.12,1,False,False,NEITHER
531,0.9674471432899509,14360.12,1,False,False,NEITHER
532,0.9880970275629051,48516.87,1,False,False,NEITHER
533,0.9993277941358467,6749.18,1,False,False,NEITHER
534,0.9995018553896848,227994.78,1,False,False,NEITHER
535,0.9640629760871552,51725.86,1,False,False,NEITHER
536,0.9983596065493262,48516.87,1,False,False,NEITHER
537,0.9971253433977406,619502.08,1,False,False,NEITHER
538,0.0032560302503583083,2886609.51,0,False,False,NEITHER
539,0.0,1762.46,0,False,False,NEITHER
540,0.0,1036.36,0,False,False,NEITHER
541,0.0,54191.41,0,False,False,NEITHER
542,0.0,5181.6,0,False,False,NEITHER
543,0.0038314535210087967,161836.85,0,False,False,NEITHER
544,0.0,2491.73,0,False,False,NEITHER
545,0.0,10643.56,0,False,False,NEITHER
546,0.9999704368623468,6695070.79,1,False,False,NEITHER
547,0.999942762085593,626195.24,1,False,False,NEITHER
548,0.9999467034404276,6695070.79,1,False,False,NEITHER
549,0.00012681159420289856,12235.4,0,False,False,NEITHER
550,0.0032370346606964908,338420.51,0,False,False,NEITHER
551,0.0,7733.37,0,False,False,NEITHER
552,0.003,469944.95,0,False,False,NEITHER
553,0.003235294117647059,784478.05,0,False,False,NEITHER
554,0.0,18290.87,0,False,False,NEITHER
555,0.003249044117647059,79571.92,0,False,False,NEITHER
556,0.0025,157257.94,0,False,False,NEITHER
557,0.0038314535210087967,154244.05,0,False,False,NEITHER
558,0.0,24136.78,0,False,False,NEITHER
559,0.0,102716.87,0,False,False,NEITHER
560,0.0,7427.71,0,False,False,NEITHER
561,0.0,28080.0,0,False,False,NEITHER
562,0.018525664666638297,812946.42,0,False,False,NEITHER
563,0.0,53502.69,0,False,False,NEITHER
564,0.0,10443.96,0,False,False,NEITHER
565,0.019302910052910054,485055.15,0,False,False,NEITHER
566,0.003337211848874689,1043330.07,0,False,False,NEITHER
567,0.009124122084825503,45674.55,0,False,False,NEITHER
568,0.0,240326.66,0,False,False,NEITHER
569,0.0,5161.94,0,False,False,NEITHER
570,0.9995315915807048,10000000.0,1,False,False,NEITHER
571,0.0,137036.63,0,False,False,NEITHER
572,0.015870855355885286,449204.66,0,False,False,NEITHER
573,0.9991978529184198,626195.24,1,False,False,NEITHER
574,0.9999445131194955,2140888.35,1,False,False,NEITHER
575,0.9999527751588864,10000000.0,1,False,False,NEITHER
576,0.999952233461324,2140888.35,1,False,False,NEITHER
577,0.0,17332.68,0,False,False,NEITHER
578,0.0,1977.01,0,False,False,NEITHER
579,8.571428571428571e-05,286483.38,0,False,False,NEITHER
580,0.0,15831.83,0,False,False,NEITHER
581,0.0035849333638682153,207910.21,0,False,False,NEITHER
582,0.0,9495.92,0,False,False,NEITHER
583,0.0,3829.89,0,False,False,NEITHER
584,0.027981708561476762,4769.99,0,False,False,NEITHER
585,0.0,1206.51,0,False,False,NEITHER
586,0.00012681159420289856,2802.5,0,False,False,NEITHER
587,0.0,5543.53,0,False,False,NEITHER
588,0.0,749841.26,0,False,False,NEITHER
589,0.0038314535210087967,171832.36,0,False,False,NEITHER
590,0.0,107193.96,0,False,False,NEITHER
591,0.0,118744.97,0,False,False,NEITHER
592,0.003181818181818182,100618.06,0,False,False,NEITHER
593,0.06086786837663369,241695.92,0,False,False,NEITHER
594,0.029251657605186485,104075.38,0,False,False,NEITHER
595,0.021134657154353507,5579.4,0,False,False,NEITHER
596,0.0038314535210087967,302223.35,0,False,False,NEITHER
597,0.023367293625914318,224887.98,0,False,False,NEITHER
598,0.011943925782404483,188829.91,0,False,False,NEITHER
599,0.005507622092848306,58454.17,0,False,False,NEITHER
600,0.0,253674.14,0,False,False,NEITHER
601,0.0,1477.6,0,False,False,NEITHER
602,0.003566658949690943,123508.94,0,False,False,NEITHER
603,0.003688375676731423,183800.59,0,False,False,NEITHER
604,0.003537089757276399,243203.93,0,False,False,NEITHER
605,0.003337211848874689,562091.45,0,False,False,NEITHER
606,0.02719995919989064,157792.51,0,False,False,NEITHER
607,0.0,15908.96,0,False,False,NEITHER
608,0.0,9493.58,0,False,False,NEITHER
609,0.0,172454.17,0,False,False,NEITHER
610,0.0,19869.32,0,False,False,NEITHER
611,0.0,29225.46,0,False,False,NEITHER
612,0.01086444288943534,343199.57,0,False,False,NEITHER
613,0.9981702592359681,1468304.35,1,False,False,NEITHER
614,0.999952233461324,1468304.35,1,False,False,NEITHER
615,0.9991183908703961,25472.32,1,False,False,NEITHER
616,0.9996056702717567,202952.03,1,False,False,NEITHER
617,0.9982566135567693,803441.31,1,False,False,NEITHER
618,0.9889732268570137,115782.68,1,False,False,NEITHER
619,0.9948384632570455,473387.81,1,False,False,NEITHER
620,0.9993940736542076,115782.68,1,False,False,NEITHER
621,0.9803986506832623,25472.32,1,False,False,NEITHER
622,0.9990076825894612,803441.31,1,False,False,NEITHER
623,0.9815847621060976,202952.03,1,False,False,NEITHER
624,0.9999303249257828,473387.81,1,False,False,NEITHER
625,0.9969979517411375,397069.12,1,False,False,NEITHER
626,0.014776119402985075,2413856.59,0,False,False,NEITHER
627,6.231198968629137e-05,245306.74,0,False,False,NEITHER
628,1.7405430494314226e-06,246713.07,0,False,False,NEITHER
629,0.0,5619.95,0,False,False,NEITHER
630,0.0,185984.36,0,False,False,NEITHER
631,0.08938315880378073,397460.19,0,False,False,NEITHER
632,0.008831453521008796,125497.95,0,False,False,NEITHER
633,0.016862893369439295,131620.91,0,False,False,NEITHER
634,0.0,230775.18,0,False,False,NEITHER
635,0.10366852739092369,264787.13,0,False,False,NEITHER
636,0.15934937475560929,85246.47,0,False,False,NEITHER
637,0.004370393964682986,113320.21,0,False,False,NEITHER
638,0.0,15463.91,0,False,False,NEITHER
639,0.9983298742145965,64181.21,1,False,False,NEITHER
640,0.9883949845879737,171935.25,1,False,False,NEITHER
641,0.9996425186057725,397069.12,1,False,False,NEITHER
642,0.9928892209067839,84771.55,1,False,False,NEITHER
643,0.9996984751631203,171935.25,1,False,False,NEITHER
644,0.9856216582592628,4651.43,1,False,False,NEITHER
645,0.0,21131.51,0,False,False,NEITHER
646,0.9999823833197872,7807640.17,1,True,True,BOTH
647,0.008806704294653574,80041.42,0,False,False,NEITHER
648,0.9999467034404276,7807640.17,1,False,False,NEITHER
649,0.9999773982752989,5652739.69,1,True,True,BOTH
650,0.9981310734765891,62184.44,1,False,False,NEITHER
651,0.9896124455229242,64181.21,1,False,False,NEITHER
652,0.9877097057188685,62184.44,1,False,False,NEITHER
653,0.9988162088187391,84771.55,1,False,False,NEITHER
654,0.9999467034404276,5652739.69,1,False,False,NEITHER
655,0.9987528539186461,331729.06,1,False,False,NEITHER
656,0.9961865567114283,331729.06,1,False,False,NEITHER
657,0.008831453521008796,116680.9,0,False,False,NEITHER
658,0.9968681550217524,639991.03,1,False,False,NEITHER
659,0.999630262085593,639991.03,1,False,False,NEITHER
660,0.9991603735050687,4651.43,1,False,False,NEITHER
661,0.9880366341261282,40819.72,1,False,False,NEITHER
662,0.9999303249257828,454483.23,1,False,False,NEITHER
663,0.9944232035258121,454483.23,1,False,False,NEITHER
664,0.9959820754208596,40819.72,1,False,False,NEITHER
665,0.9940620543762388,290491.12,1,False,False,NEITHER
666,0.9997666111608897,866712.19,1,False,False,NEITHER
667,0.9997024151880735,866712.19,1,False,False,NEITHER
668,0.9999539772418403,2799902.39,1,False,False,NEITHER
669,0.9999753101566937,2799902.39,1,False,False,NEITHER
670,0.9994903340614171,290491.12,1,False,False,NEITHER
671,0.9997517534972115,504362.34,1,False,False,NEITHER
672,0.9964611874712574,113336.41,1,False,False,NEITHER
673,0.995923206173987,504362.34,1,False,False,NEITHER
674,0.9844008234909704,145944.8,1,False,False,NEITHER
675,0.9992512165113506,113336.41,1,False,False,NEITHER
676,0.9995135551242004,145944.8,1,False,False,NEITHER
677,0.0,102242.81,0,False,False,NEITHER
678,6.231198968629137e-05,199423.1,0,False,False,NEITHER
679,0.0,11896.71,0,False,False,NEITHER
680,0.0,10031.45,0,False,False,NEITHER
681,0.004223511712682805,381440.55,0,False,False,NEITHER
682,0.9986672524046231,71554.74,1,False,False,NEITHER
683,0.9996984751631203,161536.55,1,False,False,NEITHER
684,0.9999209616299026,429257.45,1,False,False,NEITHER
685,0.9918585133142708,71554.74,1,False,False,NEITHER
686,0.0,36767.07,0,False,False,NEITHER
687,0.0,707.56,0,False,False,NEITHER
688,0.019087301587301587,357888.6,0,False,False,NEITHER
689,0.0,6882.31,0,False,False,NEITHER
690,0.0,1112.65,0,False,False,NEITHER
691,0.0,23996.9,0,False,False,NEITHER
692,0.003582800630909939,181317.04,0,False,False,NEITHER
693,0.0,79167.05,0,False,False,NEITHER
694,0.003566658949690943,96200.29,0,False,False,NEITHER
695,0.990019333339818,161536.55,1,False,False,NEITHER
696,0.01529826751909916,139026.61,0,False,False,NEITHER
697,0.9952340176617307,429257.45,1,False,False,NEITHER
698,0.0038314535210087967,119856.75,0,False,False,NEITHER
699,0.007228624628658209,3191.34,0,False,False,NEITHER
700,0.21147675236940727,41675.12,0,False,False,NEITHER
701,0.45070176321817035,176349.85,0,False,False,NEITHER
702,0.0034731084056277128,298341.38,0,False,False,NEITHER
703,0.0,87193.08,0,False,False,NEITHER
704,0.0,483.89,0,False,False,NEITHER
705,0.0,203355.0,0,False,False,NEITHER
706,0.9999467034404276,7539165.76,1,False,False,NEITHER
707,0.994754379217985,307455.42,1,False,False,NEITHER
708,0.9993943092611666,7539165.76,1,False,False,NEITHER
709,0.999952233461324,1576531.53,1,False,False,NEITHER
710,0.9986806942964767,307455.42,1,False,False,NEITHER
711,0.9999467034404276,4022098.69,1,False,False,NEITHER
712,0.9999498648167221,4022098.69,1,False,False,NEITHER
713,0.9981702592359681,1576531.53,1,False,False,NEITHER
714,0.9609689792313924,111033.79,1,False,False,NEITHER
715,0.9883753229540728,111033.79,1,False,False,NEITHER
716,0.9931627001911184,106290.68,1,False,False,NEITHER
717,0.9993133719346622,106290.68,1,False,False,NEITHER
718,0.9969996261268677,57658.26,1,False,False,NEITHER
719,0.988575761228543,57658.26,1,False,False,NEITHER
720,0.9999467034404276,5388834.64,1,False,False,NEITHER
721,0.9999823833197872,5388834.64,1,True,True,BOTH
722,0.008420915001362973,625899.75,0,False,False,NEITHER
723,0.0,215884.2,0,False,False,NEITHER
724,0.0,107853.55,0,False,False,NEITHER
725,0.016388370226848924,106894.84,0,False,False,NEITHER
726,0.0,7443.84,0,False,False,NEITHER
727,0.027494262765347104,604549.36,0,False,False,NEITHER
728,0.005,193874.8,0,False,False,NEITHER
729,0.11814655058694633,186523.7,0,False,False,NEITHER
730,0.0239740740823328,16177.1,0,False,False,NEITHER
731,0.0,164498.05,0,False,False,NEITHER
732,0.0006936768455419462,45469.83,0,False,False,NEITHER
733,0.9981673577416987,1097309.24,1,False,False,NEITHER
734,0.9999493319670545,1097309.24,1,False,False,NEITHER
735,0.9999823833197872,1938347.14,1,True,True,BOTH
736,0.999952233461324,2113271.99,1,False,False,NEITHER
737,0.016135661744084217,420003.2,0,False,False,NEITHER
738,0.0,4784.98,0,False,False,NEITHER
739,0.007642424242424243,12760.94,0,False,False,NEITHER
740,0.999952233461324,1938347.14,1,False,False,NEITHER
741,0.0013513513513513514,3739.19,0,False,False,NEITHER
742,0.0,6343.58,0,False,False,NEITHER
743,0.0,85999.43,0,False,False,NEITHER
744,0.003235294117647059,1351706.97,0,False,False,NEITHER
745,0.9999773982752989,10000000.0,1,True,True,BOTH
746,0.9995315915807048,10000000.0,1,False,False,NEITHER
747,0.999773696490699,929106.32,1,False,False,NEITHER
748,0.9999451825894612,929106.32,1,False,False,NEITHER
749,0.0035550056543907473,128065.48,0,False,False,NEITHER
750,0.9981673577416987,1001446.44,1,False,False,NEITHER
751,0.9999753101566937,2113271.99,1,False,False,NEITHER
752,0.0,13933.13,0,False,False,NEITHER
753,0.0,7812.8,0,False,False,NEITHER
754,0.0,82090.12,0,False,False,NEITHER
755,0.0,5353.34,0,False,False,NEITHER
756,0.0,53192.47,0,False,False,NEITHER
757,0.9999493319670545,1001446.44,1,False,False,NEITHER
758,0.012062973401452102,179164.12,0,False,False,NEITHER
759,0.00738097807360542,49207.66,0,False,False,NEITHER
760,0.004857142857142857,78414.76,0,False,False,NEITHER
761,0.0,1892.14,0,False,False,NEITHER
762,0.0,70218.07,0,False,False,NEITHER
763,0.9981702592359681,10000000.0,1,False,False,NEITHER
764,0.9994257402198818,3544.76,1,False,False,NEITHER
765,0.9845976904344839,188731.21,1,False,False,NEITHER
766,0.9999445131194955,10000000.0,1,False,False,NEITHER
767,0.9995338527502454,10000000.0,1,False,False,NEITHER
768,0.9792414863806458,36956.27,1,False,False,NEITHER
769,0.8682185702099713,0.0,1,False,False,NEITHER
770,0.9985732910597049,10000000.0,1,False,False,NEITHER
771,0.9878282544197934,3544.76,1,False,False,NEITHER
772,0.9999773982752989,10000000.0,1,True,True,BOTH
773,0.9994850694102656,10000000.0,1,False,False,NEITHER
774,0.9999539772418403,3441041.46,1,False,False,NEITHER
775,0.9905718220740626,61505.06,1,False,False,NEITHER
776,0.9991799202739076,36956.27,1,False,False,NEITHER
777,0.9985445350150506,61505.06,1,False,False,NEITHER
778,0.9965200672891446,152724.32,1,False,False,NEITHER
779,0.9997688976983317,152724.32,1,False,False,NEITHER
780,0.9997219493415241,188731.21,1,False,False,NEITHER
781,0.9999467034404276,7218629.01,1,False,False,NEITHER
782,0.9981702592359681,7218629.01,1,False,False,NEITHER
783,0.998028959976087,21332.46,1,False,False,NEITHER
784,0.9916764584656409,21332.46,1,False,False,NEITHER
785,0.003,377080.14,0,False,False,NEITHER
786,0.0,117244.23,0,False,False,NEITHER
787,0.9987528539186461,330756.72,1,False,False,NEITHER
788,0.9962341757590474,330756.72,1,False,False,NEITHER
789,0.00012681159420289856,2427.75,0,False,False,NEITHER
790,0.9985256649134943,234787.38,1,False,False,NEITHER
791,0.985447695552833,234787.38,1,False,False,NEITHER
792,0.0,54965.36,0,False,False,NEITHER
793,0.9987528539186461,329055.47,1,False,False,NEITHER
794,0.9991678205864413,73053.41,1,False,False,NEITHER
795,0.9832186864305197,145067.24,1,False,False,NEITHER
796,0.9990783337865402,145067.24,1,False,False,NEITHER
797,0.9960840323775692,329055.47,1,False,False,NEITHER
798,0.9990461489597743,645104.5,1,False,False,NEITHER
799,0.9999451825894612,888905.27,1,False,False,NEITHER
800,0.9997872081246119,888905.27,1,False,False,NEITHER
801,0.9981479778967375,897875.35,1,False,False,NEITHER
802,0.9934575523043836,73053.41,1,False,False,NEITHER
803,0.0,2323.89,0,False,False,NEITHER
804,0.0,1306.91,0,False,False,NEITHER
805,0.0,96476.82,0,False,False,NEITHER
806,0.00012681159420289856,11308.85,0,False,False,NEITHER
807,0.0,1530.24,0,False,False,NEITHER
808,0.9972062960473933,645104.5,1,False,False,NEITHER
809,0.9999451825894612,897875.35,1,False,False,NEITHER
810,0.015306619993519708,132322.38,0,False,False,NEITHER
811,0.0,305974.0,0,False,False,NEITHER
812,0.9896124455229242,64083.54,1,False,False,NEITHER
813,0.9999773982752989,10000000.0,1,True,True,BOTH
814,0.9981702592359681,6250438.78,1,False,False,NEITHER
815,0.9996744021465758,10000000.0,1,False,False,NEITHER
816,0.9999467034404276,6250438.78,1,False,False,NEITHER
817,0.9983298742145965,64083.54,1,False,False,NEITHER
818,0.9956111765529003,306505.03,1,False,False,NEITHER
819,0.9999539772418403,3288377.47,1,False,False,NEITHER
820,0.9997064954068487,3288377.47,1,False,False,NEITHER
821,0.9996984751631203,171651.7,1,False,False,NEITHER
822,0.999678512472438,932922.6,1,False,False,NEITHER
823,0.9999451825894612,932922.6,1,False,False,NEITHER
824,0.9986806942964767,306505.03,1,False,False,NEITHER
825,0.989009567921307,171651.7,1,False,False,NEITHER
826,0.9953950734775026,43440.97,1,False,False,NEITHER
827,0.9994417151581078,10000000.0,1,False,False,NEITHER
828,0.9999493319670545,1091589.88,1,False,False,NEITHER
829,0.9984493319670545,950766.15,1,False,False,NEITHER
830,0.9999539772418403,2772043.9,1,False,False,NEITHER
831,0.9993803865978603,2772043.9,1,False,False,NEITHER
832,0.9966673577416987,950766.15,1,False,False,NEITHER
833,0.9997971981346019,1091589.88,1,False,False,NEITHER
834,0.9925750934487584,43440.97,1,False,False,NEITHER
835,0.9999724095000431,10000000.0,1,False,False,NEITHER
836,0.999971342499986,3542716.02,1,False,False,NEITHER
837,0.9999467034404276,5016884.33,1,False,False,NEITHER
838,0.9999704368623468,5016884.33,1,False,False,NEITHER
839,0.9996984751631203,171572.06,1,False,False,NEITHER
840,0.9879921159849028,171572.06,1,False,False,NEITHER
841,0.9999539772418403,3542716.02,1,False,False,NEITHER
842,0.9987528539186461,327773.15,1,False,False,NEITHER
843,0.9917271225843943,327773.15,1,False,False,NEITHER
844,0.9997851361962529,1136374.62,1,False,False,NEITHER
845,0.9981702592359681,1600721.32,1,False,False,NEITHER
846,0.999952233461324,1600721.32,1,False,False,NEITHER
847,0.9999766970391322,9295454.24,1,True,True,BOTH
848,0.9999493319670545,1136374.62,1,False,False,NEITHER
849,0.9991611404656472,10000000.0,1,False,False,NEITHER
850,0.9999773982752989,10000000.0,1,True,True,BOTH
851,0.9999467034404276,9295454.24,1,False,False,NEITHER
852,0.999448319875384,749316.7,1,False,False,NEITHER
853,0.999952233461324,1536733.52,1,False,False,NEITHER
854,0.9999823833197872,1536733.52,1,True,True,BOTH
855,0.9999451825894612,749316.7,1,False,False,NEITHER
856,0.9997219493415241,194876.96,1,False,False,NEITHER
857,0.9862027108765935,194876.96,1,False,False,NEITHER
858,0.9999539772418403,3150438.28,1,False,False,NEITHER
859,0.9999445131194955,3150438.28,1,False,False,NEITHER
860,0.9971502810519997,403274.41,1,False,False,NEITHER
861,0.9996425186057725,403274.41,1,False,False,NEITHER
862,0.9849052367703222,198383.8,1,False,False,NEITHER
863,0.9997219493415241,198383.8,1,False,False,NEITHER
864,0.999952233461324,1819405.69,1,False,False,NEITHER
865,0.9874550552429917,227668.22,1,False,False,NEITHER
866,0.9994815621315926,272716.64,1,False,False,NEITHER
867,0.992108518817445,272716.64,1,False,False,NEITHER
868,0.9999451825894612,674541.55,1,False,False,NEITHER
869,0.9993856557712394,674541.55,1,False,False,NEITHER
870,0.9999209616299026,442460.31,1,False,False,NEITHER
871,0.9981702592359681,10000000.0,1,False,False,NEITHER
872,0.999952233461324,2254417.02,1,False,False,NEITHER
873,0.9999830018904491,10000000.0,1,True,True,BOTH
874,0.999952233461324,2651994.1,1,False,False,NEITHER
875,0.9988320317590612,28399.72,1,False,False,NEITHER
876,0.986930782126344,28399.72,1,False,False,NEITHER
877,0.9994325239816372,10000000.0,1,False,False,NEITHER
878,0.9999709598044793,2254417.02,1,False,False,NEITHER
879,0.9998827270789116,1819405.69,1,False,False,NEITHER
880,0.999952233461324,1685692.11,1,False,False,NEITHER
881,0.9981702592359681,2651994.1,1,False,False,NEITHER
882,0.9995018553896848,227668.22,1,False,False,NEITHER
883,0.9999753101566937,1685692.11,1,False,False,NEITHER
884,0.9995315915807048,10000000.0,1,False,False,NEITHER
885,0.9952828725412544,442460.31,1,False,False,NEITHER
886,0.0,12570.96,0,False,False,NEITHER
887,0.0035550056543907473,157304.96,0,False,False,NEITHER
888,0.05616048186845326,49339.9,0,False,False,NEITHER
889,0.0,32274.47,0,False,False,NEITHER
890,0.0,17856.28,0,False,False,NEITHER
891,0.0,6700.37,0,False,False,NEITHER
892,0.003243992795448033,215234.15,0,False,False,NEITHER
893,0.13589303560359292,1477.36,0,False,False,NEITHER
894,0.0,11872.65,0,False,False,NEITHER
895,0.00593842690925855,136150.99,0,False,False,NEITHER
896,0.003403816239561353,288319.96,0,False,False,NEITHER
897,6.231198968629137e-05,504819.14,0,False,False,NEITHER
898,0.027561962037996417,481527.89,0,False,False,NEITHER
899,0.00012681159420289856,6718.01,0,False,False,NEITHER
900,0.1618893205961231,5850.27,0,False,False,NEITHER
901,0.0,36688.32,0,False,False,NEITHER
902,0.0038932911873614945,187595.03,0,False,False,NEITHER
903,0.0,2171.9,0,False,False,NEITHER
904,0.008286355881023902,101434.73,0,False,False,NEITHER
905,0.0,29623.18,0,False,False,NEITHER
906,0.056811247313249054,374855.12,0,False,False,NEITHER
907,0.0,50124.9,0,False,False,NEITHER
908,0.0,96460.14,0,False,False,NEITHER
909,0.0,11364.78,0,False,False,NEITHER
910,0.0032370346606964908,208827.2,0,False,False,NEITHER
911,0.0,10260.97,0,False,False,NEITHER
912,0.0,16412.41,0,False,False,NEITHER
913,0.00597374699755877,129971.42,0,False,False,NEITHER
914,0.0,9533.15,0,False,False,NEITHER
915,0.0036436745576042544,118195.78,0,False,False,NEITHER
916,0.003640132533979704,357345.18,0,False,False,NEITHER
917,0.003316603122214998,688214.79,0,False,False,NEITHER
918,0.021541827580425336,374343.9,0,False,False,NEITHER
919,0.0,31663.4,0,False,False,NEITHER
920,0.0033287531386394465,307694.56,0,False,False,NEITHER
921,0.009505161918003312,51199.75,0,False,False,NEITHER
922,0.10793638523078325,87243.75,0,False,False,NEITHER
923,0.0033973727250672693,149106.84,0,False,False,NEITHER
924,0.01362458886344365,38373.91,0,False,False,NEITHER
925,0.0010246641325353599,360808.07,0,False,False,NEITHER
926,0.004833333333333334,16589.55,0,False,False,NEITHER
927,0.0,3850.76,0,False,False,NEITHER
928,0.010062311989686292,173177.97,0,False,False,NEITHER
929,0.00012681159420289856,8769.15,0,False,False,NEITHER
930,0.9995278534956614,807466.16,1,False,False,NEITHER
931,0.004836065573770492,20471.39,0,False,False,NEITHER
932,0.9999467034404276,8104557.88,1,False,False,NEITHER
933,0.9991226727234007,807466.16,1,False,False,NEITHER
934,0.0,2902.87,0,False,False,NEITHER
935,0.0,34440.1,0,False,False,NEITHER
936,0.0,12531.55,0,False,False,NEITHER
937,0.0,5696.85,0,False,False,NEITHER
938,0.03390086769188151,2395.25,0,False,False,NEITHER
939,0.0,3040.29,0,False,False,NEITHER
940,0.11534539612807755,64904.13,0,False,False,NEITHER
941,0.0,202475.72,0,False,False,NEITHER
942,0.003537089757276399,278110.75,0,False,False,NEITHER
943,0.0,7084.75,0,False,False,NEITHER
944,0.0,13845.51,0,False,False,NEITHER
945,0.0,21838.25,0,False,False,NEITHER
946,0.0,44324.25,0,False,False,NEITHER
947,6.231198968629137e-05,261405.87,0,False,False,NEITHER
948,0.0038314535210087967,371908.88,0,False,False,NEITHER
949,0.0,42911.19,0,False,False,NEITHER
950,0.005,29435.77,0,False,False,NEITHER
951,0.04089632100964069,307468.61,0,False,False,NEITHER
952,0.3401928417510014,194585.01,0,False,False,NEITHER
953,0.0,183599.8,0,False,False,NEITHER
954,0.0,200588.77,0,False,False,NEITHER
955,0.0,13528.48,0,False,False,NEITHER
956,0.0,74772.36,0,False,False,NEITHER
957,0.0,993.84,0,False,False,NEITHER
958,0.039624183006535946,891816.49,0,False,False,NEITHER
959,0.0,66847.19,0,False,False,NEITHER
960,0.005,656729.52,0,False,False,NEITHER
961,0.9981702592359681,8104557.88,1,False,False,NEITHER
962,0.008168481765141827,104350.91,0,False,False,NEITHER
963,0.0,21208.22,0,False,False,NEITHER
964,0.9983298742145965,64557.77,1,False,False,NEITHER
965,0.9919309831911872,64557.77,1,False,False,NEITHER
966,0.975158297660034,5271.46,1,False,False,NEITHER
967,0.9989170660411298,368951.94,1,False,False,NEITHER
968,0.9927015479095783,368951.94,1,False,False,NEITHER
969,0.9990459905931734,5271.46,1,False,False,NEITHER
970,0.0034399710389110424,487306.83,0,False,False,NEITHER
971,0.004411069465616238,204225.18,0,False,False,NEITHER
972,0.017814580941446615,187945.81,0,False,False,NEITHER
973,0.0,924.6,0,False,False,NEITHER
974,0.0,3231.43,0,False,False,NEITHER
975,0.11847604779869686,171246.92,0,False,False,NEITHER
976,0.0,82907.39,0,False,False,NEITHER
977,0.0,3476.94,0,False,False,NEITHER
978,0.1517681141568669,216201.66,0,False,False,NEITHER
979,0.003688375676731423,163218.88,0,False,False,NEITHER
980,0.0,409283.98,0,False,False,NEITHER
981,0.016862893369439295,126800.06,0,False,False,NEITHER
982,0.008189241580992757,83622.82,0,False,False,NEITHER
983,0.9985839267246149,93483.23,1,False,False,NEITHER
984,0.0,11418.11,0,False,False,NEITHER
985,0.0,30609.38,0,False,False,NEITHER
986,0.0,22982.92,0,False,False,NEITHER
987,0.0,3030.48,0,False,False,NEITHER
988,0.9911078128778695,93483.23,1,False,False,NEITHER
989,0.003395645323019624,372618.17,0,False,False,NEITHER
990,0.9999823833197872,6545346.16,1,True,True,BOTH
991,0.9999467034404276,6545346.16,1,False,False,NEITHER
992,0.016386243386243386,431722.31,0,False,False,NEITHER
993,0.0037059993638806914,415780.45,0,False,False,NEITHER
994,0.0,221615.78,0,False,False,NEITHER
995,0.005,871357.26,0,False,False,NEITHER
996,0.9990561778432197,73929.99,1,False,False,NEITHER
997,0.9992076472246468,34502.7,1,False,False,NEITHER
998,0.025905092891026594,23200.78,0,False,False,NEITHER
999,0.04013629477409387,356740.6,0,False,False,NEITHER
1000,6.231198968629137e-05,402018.92,0,False,False,NEITHER
1001,0.0,5923.31,0,False,False,NEITHER
1002,0.013627599251792237,130336.77,0,False,False,NEITHER
1003,0.0,15141.71,0,False,False,NEITHER
1004,0.0,13669.65,0,False,False,NEITHER
1005,0.0,8934.47,0,False,False,NEITHER
1006,0.9947297759478488,73929.99,1,False,False,NEITHER
1007,0.9933101344717534,34502.7,1,False,False,NEITHER
1008,0.0,8497.35,0,False,False,NEITHER
1009,0.028552850585177852,293788.22,0,False,False,NEITHER
1010,0.0034473103253917147,251633.48,0,False,False,NEITHER
1011,0.0034060714028682436,196419.34,0,False,False,NEITHER
1012,0.0038314535210087967,192854.12,0,False,False,NEITHER
1013,0.01529826751909916,354413.31,0,False,False,NEITHER
1014,0.05309206550645032,1209.42,0,False,False,NEITHER
1015,0.0,7725.2,0,False,False,NEITHER
1016,0.0047674418604651166,28761.74,0,False,False,NEITHER
1017,0.003333333333333333,354898.5,0,False,False,NEITHER
1018,0.0,278112.59,0,False,False,NEITHER
1019,0.0,202469.78,0,False,False,NEITHER
1020,0.0,10085.04,0,False,False,NEITHER
1021,0.0047674418604651166,29129.28,0,False,False,NEITHER
1022,0.03325234335249468,38202.75,0,False,False,NEITHER
1023,0.0,257954.95,0,False,False,NEITHER
1024,0.011973286660186376,154104.96,0,False,False,NEITHER
1025,0.0,418778.16,0,False,False,NEITHER
1026,0.003333333333333333,178077.8,0,False,False,NEITHER
1027,0.016405460678844283,491852.47,0,False,False,NEITHER
1028,0.9996984751631203,168303.36,1,False,False,NEITHER
1029,0.008333110221814898,85816.25,0,False,False,NEITHER
1030,0.0,7045.75,0,False,False,NEITHER
1031,0.0,12657.47,0,False,False,NEITHER
1032,0.01097431066386594,414741.35,0,False,False,NEITHER
1033,0.9969083049890489,537025.01,1,False,False,NEITHER
1034,0.999481006862769,537025.01,1,False,False,NEITHER
1035,0.0,6964.07,0,False,False,NEITHER
1036,3.706063134965217e-05,152476.73,0,False,False,NEITHER
1037,0.9635263399737315,459.38,1,False,False,NEITHER
1038,1.7405430494314226e-06,69037.04,0,False,False,NEITHER
1039,0.0,4683.89,0,False,False,NEITHER
1040,0.14505669691993694,281335.19,0,False,False,NEITHER
1041,1.7405430494314226e-06,218476.0,0,False,False,NEITHER
1042,0.999952233461324,1430050.84,1,False,False,NEITHER
1043,0.9981702592359681,1430050.84,1,False,False,NEITHER
1044,0.9963773327800786,459.38,1,False,False,NEITHER
1045,0.9868492588420454,168303.36,1,False,False,NEITHER
1046,0.007486011152967854,44838.85,0,False,False,NEITHER
1047,0.0,197361.28,0,False,False,NEITHER
1048,0.0035968681059826125,216479.62,0,False,False,NEITHER
1049,0.007857142857142858,516241.83,0,False,False,NEITHER
1050,0.0034248913727094633,45322.95,0,False,False,NEITHER
1051,0.0,22752.07,0,False,False,NEITHER
1052,0.0,1666.82,0,False,False,NEITHER
1053,0.0,9820.73,0,False,False,NEITHER
1054,0.0,13712.38,0,False,False,NEITHER
1055,0.0,202425.44,0,False,False,NEITHER
1056,0.10886580759841395,153234.45,0,False,False,NEITHER
1057,0.005854341736694678,2404663.35,0,False,False,NEITHER
1058,0.0,183956.81,0,False,False,NEITHER
1059,0.021494434849357133,140306.4,0,False,False,NEITHER
1060,0.0038314535210087967,328835.5,0,False,False,NEITHER
1061,0.0066858081979891725,86814.72,0,False,False,NEITHER
1062,0.0,4517.1,0,False,False,NEITHER
1063,0.0,8505.21,0,False,False,NEITHER
1064,0.04598598019758617,128181.35,0,False,False,NEITHER
1065,0.0,2651.66,0,False,False,NEITHER
1066,0.014665032679738564,8144221.35,0,False,False,NEITHER
1067,0.003337211848874689,829602.25,0,False,False,NEITHER
1068,0.9864133166403771,47061.52,1,False,False,NEITHER
1069,0.9991678205864413,73110.82,1,False,False,NEITHER
1070,0.986511813327241,73110.82,1,False,False,NEITHER
1071,0.9999725249809518,6295010.28,1,False,False,NEITHER
1072,0.9999467034404276,6295010.28,1,False,False,NEITHER
1073,0.9981702592359681,4886423.05,1,False,False,NEITHER
1074,0.999952233461324,1933121.35,1,False,False,NEITHER
1075,0.9999823833197872,1933121.35,1,True,True,BOTH
1076,0.9915986569310858,47061.52,1,False,False,NEITHER
1077,0.999481006862769,537539.97,1,False,False,NEITHER
1078,0.9976533547937693,537539.97,1,False,False,NEITHER
1079,0.9999467034404276,4886423.05,1,False,False,NEITHER
1080,0.9998468159396792,10000000.0,1,False,False,NEITHER
1081,0.9999498648167221,10000000.0,1,False,False,NEITHER
1082,0.0,288904.99,0,False,False,NEITHER
1083,0.0,224666.06,0,False,False,NEITHER
1084,0.009833333333333335,18793.3,0,False,False,NEITHER
1085,0.0,38637.55,0,False,False,NEITHER
1086,0.003390580836208394,351886.64,0,False,False,NEITHER
1087,0.03707328489624831,52705.41,0,False,False,NEITHER
1088,0.0,353385.47,0,False,False,NEITHER
1089,0.0,273136.74,0,False,False,NEITHER
1090,0.0,78393.28,0,False,False,NEITHER
1091,0.003316603122214998,406939.52,0,False,False,NEITHER
1092,0.0,195560.63,0,False,False,NEITHER
1093,0.003372571643712753,290328.63,0,False,False,NEITHER
1094,0.045659423829054656,191862.1,0,False,False,NEITHER
1095,0.024390466531440166,1522271.39,0,False,False,NEITHER
1096,0.0013513513513513514,932.04,0,False,False,NEITHER
1097,0.0,186113.84,0,False,False,NEITHER
1098,0.004816555357864246,611687.99,0,False,False,NEITHER
1099,0.0044444444444444444,384091.19,0,False,False,NEITHER
1100,0.0035882352941176473,14994.43,0,False,False,NEITHER
1101,0.005,29034.21,0,False,False,NEITHER
1102,0.0,299866.17,0,False,False,NEITHER
1103,0.1580392817615473,181635.46,0,False,False,NEITHER
1104,0.015398211983177517,110964.48,0,False,False,NEITHER
1105,0.0,1738.03,0,False,False,NEITHER
1106,0.018457037215657904,715869.57,0,False,False,NEITHER
1107,0.0,262908.73,0,False,False,NEITHER
1108,0.056811247313249054,344830.31,0,False,False,NEITHER
1109,0.006196365428868314,337353.71,0,False,False,NEITHER
1110,0.01,1217255.6,0,False,False,NEITHER
1111,0.0,35256.11,0,False,False,NEITHER
1112,0.0,9668.45,0,False,False,NEITHER
1113,0.0,1583.25,0,False,False,NEITHER
1114,0.0,167593.13,0,False,False,NEITHER
1115,0.06879547556915509,3297.15,0,False,False,NEITHER
1116,9.603860354222282e-05,192204.57,0,False,False,NEITHER
1117,0.004914434523809524,201485.82,0,False,False,NEITHER
1118,0.018151728869429125,83493.04,0,False,False,NEITHER
1119,0.00012681159420289856,7992.97,0,False,False,NEITHER
1120,0.0,4244.66,0,False,False,NEITHER
1121,0.0,72514.41,0,False,False,NEITHER
1122,0.0,10266.57,0,False,False,NEITHER
1123,0.0,143420.22,0,False,False,NEITHER
1124,0.005,24669.63,0,False,False,NEITHER
1125,0.0,11522.21,0,False,False,NEITHER
1126,0.003235294117647059,2308705.17,0,False,False,NEITHER
1127,0.025386748568106524,509422.84,0,False,False,NEITHER
1128,0.999952233461324,1411271.23,1,False,False,NEITHER
1129,0.003278413971041318,70426.14,0,False,False,NEITHER
1130,0.0,119628.05,0,False,False,NEITHER
1131,0.9829944019533484,160088.68,1,False,False,NEITHER
1132,0.9997634219663065,974452.84,1,False,False,NEITHER
1133,0.9999493319670545,974452.84,1,False,False,NEITHER
1134,0.007116477272727273,70369.69,0,False,False,NEITHER
1135,0.9885456451591108,134227.05,1,False,False,NEITHER
1136,0.9996984751631203,160088.68,1,False,False,NEITHER
1137,0.0,16914.53,0,False,False,NEITHER
1138,0.009464285714285713,243752.52,0,False,False,NEITHER
1139,0.9988424724637628,107732.98,1,False,False,NEITHER
1140,0.027238786243454757,214503.89,0,False,False,NEITHER
1141,0.9879520721856103,107732.98,1,False,False,NEITHER
1142,0.0025,255593.43,0,False,False,NEITHER
1143,0.013579296565458395,198278.85,0,False,False,NEITHER
1144,0.0,5556.53,0,False,False,NEITHER
1145,0.0032955998144300193,132787.09,0,False,False,NEITHER
1146,0.9981702592359681,1467968.73,1,False,False,NEITHER
1147,0.9995440714922637,134227.05,1,False,False,NEITHER
1148,0.0,1227.05,0,False,False,NEITHER
1149,1.3749999999999999e-05,81642.75,0,False,False,NEITHER
1150,0.9997219493415241,198043.93,1,False,False,NEITHER
1151,0.9803272888577204,198043.93,1,False,False,NEITHER
1152,0.9999709598044793,1411271.23,1,False,False,NEITHER
1153,0.0,15972.09,0,False,False,NEITHER
1154,6.231198968629137e-05,172082.71,0,False,False,NEITHER
1155,0.999952233461324,1467968.73,1,False,False,NEITHER
1156,0.9999084598900859,1637875.33,1,False,False,NEITHER
1157,0.999952233461324,1637875.33,1,False,False,NEITHER
1158,0.13882516861927408,50365.5,0,False,False,NEITHER
1159,0.0034060714028682436,155192.21,0,False,False,NEITHER
1160,0.0,4610.45,0,False,False,NEITHER
1161,0.016862893369439295,149042.34,0,False,False,NEITHER
1162,0.002916666666666667,138936.98,0,False,False,NEITHER
1163,0.019678080187298802,1234430.95,0,False,False,NEITHER
1164,0.0,129200.37,0,False,False,NEITHER
1165,0.009845779681653576,593256.33,0,False,False,NEITHER
1166,0.0,3424.89,0,False,False,NEITHER
1167,0.06426704014939309,1545825.07,0,False,False,NEITHER
1168,0.004318181818181818,4803.56,0,False,False,NEITHER
1169,9.603860354222282e-05,133839.97,0,False,False,NEITHER
1170,0.0,6505.61,0,False,False,NEITHER
1171,0.0033812703215137267,285353.43,0,False,False,NEITHER
1172,0.004857142857142857,74213.32,0,False,False,NEITHER
1173,0.0,59618.55,0,False,False,NEITHER
1174,0.0,3676.18,0,False,False,NEITHER
1175,0.003337211848874689,558367.12,0,False,False,NEITHER
1176,0.017931820992344,5457.71,0,False,False,NEITHER
1177,0.019991401493552382,48211.37,0,False,False,NEITHER
1178,0.09350312640099377,96987.97,0,False,False,NEITHER
1179,0.0,221812.16,0,False,False,NEITHER
1180,0.00016934477469876476,96658.18,0,False,False,NEITHER
1181,4.541310577019927e-05,186519.77,0,False,False,NEITHER
1182,0.0,20336.41,0,False,False,NEITHER
1183,0.0035882352941176473,13651.41,0,False,False,NEITHER
1184,0.019538147498640912,18405.7,0,False,False,NEITHER
1185,1.7405430494314226e-06,182483.02,0,False,False,NEITHER
1186,0.0,9978.66,0,False,False,NEITHER
1187,0.19781298110911746,323712.22,0,False,False,NEITHER
1188,0.0038314535210087967,268844.42,0,False,False,NEITHER
1189,0.0,116001.75,0,False,False,NEITHER
1190,0.0036336610067016174,263605.93,0,False,False,NEITHER
1191,0.003496038603542223,132264.85,0,False,False,NEITHER
1192,0.010402882092437369,495144.7,0,False,False,NEITHER
1193,0.0,1498.65,0,False,False,NEITHER
1194,0.007631607447607464,157026.92,0,False,False,NEITHER
1195,0.0,4250.2,0,False,False,NEITHER
1196,0.06078652183619857,36085.75,0,False,False,NEITHER
1197,0.0,21621.28,0,False,False,NEITHER
1198,0.0025,302153.35,0,False,False,NEITHER
1199,0.016765549952706578,34854.21,0,False,False,NEITHER
1200,0.004540483047986667,98816.93,0,False,False,NEITHER
1201,0.01,20948.93,0,False,False,NEITHER
1202,0.0,402143.71,0,False,False,NEITHER
1203,0.005,20835.64,0,False,False,NEITHER
1204,0.0,23966.02,0,False,False,NEITHER
1205,0.052597314548674036,11665.41,0,False,False,NEITHER
1206,0.006611111111111111,186064.84,0,False,False,NEITHER
1207,0.0,7652.21,0,False,False,NEITHER
1208,0.0,5026.61,0,False,False,NEITHER
1209,0.003235294117647059,1294154.55,0,False,False,NEITHER
1210,0.0,7095.21,0,False,False,NEITHER
1211,0.0001372775260656939,239835.77,0,False,False,NEITHER
1212,1.7405430494314226e-06,351682.81,0,False,False,NEITHER
1213,0.0,2419.78,0,False,False,NEITHER
1214,0.0035714285714285713,1360125.85,0,False,False,NEITHER
1215,0.0,1695.51,0,False,False,NEITHER
1216,0.0037230301643165183,219338.96,0,False,False,NEITHER
1217,0.003,445444.39,0,False,False,NEITHER
1218,0.9996425186057725,398157.05,1,False,False,NEITHER
1219,0.005416666666666668,353799.25,0,False,False,NEITHER
1220,0.0032457333384974646,330075.24,0,False,False,NEITHER
1221,0.0,4254.34,0,False,False,NEITHER
1222,0.9906583345958747,398157.05,1,False,False,NEITHER
1223,0.0,41669.0,0,False,False,NEITHER
1224,0.004823167289235362,656562.45,0,False,False,NEITHER
1225,0.9863189771756875,69077.14,1,False,False,NEITHER
1226,0.0047674418604651166,21118.64,0,False,False,NEITHER
1227,0.007667315615133705,22196.73,0,False,False,NEITHER
1228,0.0,20091.45,0,False,False,NEITHER
1229,0.00012681159420289856,7597.38,0,False,False,NEITHER
1230,0.0,1363423.29,0,False,False,NEITHER
1231,0.21146922583231537,22790.36,0,False,False,NEITHER
1232,0.0013513513513513514,240.83,0,False,False,NEITHER
1233,0.0038314535210087967,296348.33,0,False,False,NEITHER
1234,0.00365010837512267,229631.75,0,False,False,NEITHER
1235,0.003507702683336309,383657.69,0,False,False,NEITHER
1236,0.008168481765141827,108118.4,0,False,False,NEITHER
1237,0.0,8668.6,0,False,False,NEITHER
1238,0.03159728212629664,508135.17,0,False,False,NEITHER
1239,0.0,70330.16,0,False,False,NEITHER
1240,0.006073239327022278,343994.05,0,False,False,NEITHER
1241,0.0,209836.32,0,False,False,NEITHER
1242,0.0,160254.09,0,False,False,NEITHER
1243,0.2089219655130408,1331.92,0,False,False,NEITHER
1244,0.0,11949.77,0,False,False,NEITHER
1245,0.013243472438032361,79111.9,0,False,False,NEITHER
1246,0.0,16671.86,0,False,False,NEITHER
1247,0.005505881549798875,61029.73,0,False,False,NEITHER
1248,0.0038932911873614945,124185.54,0,False,False,NEITHER
1249,0.015328227599396978,144966.01,0,False,False,NEITHER
1250,0.9999539772418403,3009125.59,1,False,False,NEITHER
1251,0.0,333463.61,0,False,False,NEITHER
1252,0.0,242071.66,0,False,False,NEITHER
1253,0.0,1375097.82,0,False,False,NEITHER
1254,0.00597374699755877,157640.85,0,False,False,NEITHER
1255,0.0,22300.8,0,False,False,NEITHER
1256,0.0,17599.77,0,False,False,NEITHER
1257,0.9999473291375008,3009125.59,1,False,False,NEITHER
1258,0.0,11342.06,0,False,False,NEITHER
1259,0.08089611046716766,37329.8,0,False,False,NEITHER
1260,0.02886267210233376,8092.25,0,False,False,NEITHER
1261,0.9985072415821122,69077.14,1,False,False,NEITHER
1262,0.008051849475511305,634910.59,0,False,False,NEITHER
1263,0.0038314535210087967,119337.84,0,False,False,NEITHER
1264,0.004857142857142857,40943.61,0,False,False,NEITHER
1265,0.0,13405.36,0,False,False,NEITHER
1266,0.9999303249257828,458845.55,1,False,False,NEITHER
1267,0.01603011905910054,46995.62,0,False,False,NEITHER
1268,0.9933024760903899,458845.55,1,False,False,NEITHER
1269,0.0,57421.21,0,False,False,NEITHER
1270,0.015632362603194245,414766.83,0,False,False,NEITHER
1271,0.0032370346606964908,388085.81,0,False,False,NEITHER
1272,0.0,1285.87,0,False,False,NEITHER
1273,0.010300670074481847,212028.57,0,False,False,NEITHER
1274,0.0,20393.96,0,False,False,NEITHER
1275,0.0,21108.5,0,False,False,NEITHER
1276,0.0,158415.33,0,False,False,NEITHER
1277,0.008303571428571428,110347.21,0,False,False,NEITHER
1278,0.006785714285714286,1965198.04,0,False,False,NEITHER
1279,0.003235294117647059,164807.07,0,False,False,NEITHER
1280,0.003362152958462723,290583.51,0,False,False,NEITHER
1281,0.0038314535210087967,216673.21,0,False,False,NEITHER
1282,0.14879532821974345,68126.01,0,False,False,NEITHER
1283,0.016862893369439295,131984.12,0,False,False,NEITHER
1284,0.02711058111524963,329273.14,0,False,False,NEITHER
1285,0.010359235228215379,252895.99,0,False,False,NEITHER
1286,0.002173913043478261,197418.25,0,False,False,NEITHER
1287,0.05781901894796364,120336.75,0,False,False,NEITHER
1288,0.0,177377.54,0,False,False,NEITHER
1289,0.017623703882324572,114531.23,0,False,False,NEITHER
1290,0.04611694711426737,132444.29,0,False,False,NEITHER
1291,0.0,19130.28,0,False,False,NEITHER
1292,0.0,361571.54,0,False,False,NEITHER
1293,0.0,10055.82,0,False,False,NEITHER
1294,0.0038314535210087967,138906.34,0,False,False,NEITHER
1295,0.0,264337.79,0,False,False,NEITHER
1296,0.019557133198106827,1346865.56,0,False,False,NEITHER
1297,0.0033406021570231894,54527.97,0,False,False,NEITHER
1298,0.022953534585818964,295136.61,0,False,False,NEITHER
1299,0.0013513513513513514,4862.69,0,False,False,NEITHER
1300,0.0,5854.43,0,False,False,NEITHER
1301,0.0006936768455419462,45656.01,0,False,False,NEITHER
1302,0.007979953284102422,86888.44,0,False,False,NEITHER
1303,0.0038314535210087967,160305.8,0,False,False,NEITHER
1304,0.016122896474463203,32066.96,0,False,False,NEITHER
1305,0.016616479248449462,31415.44,0,False,False,NEITHER
1306,0.02813635798602372,16177.24,0,False,False,NEITHER
1307,0.0,8374.59,0,False,False,NEITHER
1308,0.0,193426.86,0,False,False,NEITHER
1309,0.0,15762.45,0,False,False,NEITHER
1310,0.003294845214249992,175080.01,0,False,False,NEITHER
1311,0.003566658949690943,119791.09,0,False,False,NEITHER
1312,0.0,23097.57,0,False,False,NEITHER
1313,0.02330395865888094,154994.54,0,False,False,NEITHER
1314,0.0,71523.56,0,False,False,NEITHER
1315,0.022240863787375414,128510.36,0,False,False,NEITHER
1316,0.0,2143.45,0,False,False,NEITHER
1317,0.015445863628218632,70177.8,0,False,False,NEITHER
1318,0.038595854963063475,5721.85,0,False,False,NEITHER
1319,0.007646363583263297,291481.2,0,False,False,NEITHER
1320,0.0,9889.88,0,False,False,NEITHER
1321,0.016862893369439295,211168.6,0,False,False,NEITHER
1322,0.005455089753924923,103033.38,0,False,False,NEITHER
1323,0.0,13977.48,0,False,False,NEITHER
1324,0.0,256898.07,0,False,False,NEITHER
1325,0.003481488177661366,147623.04,0,False,False,NEITHER
1326,0.0,14817.47,0,False,False,NEITHER
1327,0.003640132533979704,406364.48,0,False,False,NEITHER
1328,0.0,69705.43,0,False,False,NEITHER
1329,0.9999493319670545,971133.63,1,False,False,NEITHER
1330,0.9981254487598662,735329.1,1,False,False,NEITHER
1331,0.9999451825894612,735329.1,1,False,False,NEITHER
1332,0.008333333333333333,590611.24,0,False,False,NEITHER
1333,0.0,15478.76,0,False,False,NEITHER
1334,0.0,4446.13,0,False,False,NEITHER
1335,0.143817531097911,113731.05,0,False,False,NEITHER
1336,0.09568344247082909,106868.43,0,False,False,NEITHER
1337,0.018151728869429125,60431.27,0,False,False,NEITHER
1338,0.003583119458129431,399701.26,0,False,False,NEITHER
1339,0.003235294117647059,493243.32,0,False,False,NEITHER
1340,0.012996335651951017,38757.47,0,False,False,NEITHER
1341,0.9978526219238811,676913.69,1,False,False,NEITHER
1342,0.9999451825894612,676913.69,1,False,False,NEITHER
1343,0.9981702592359681,7442005.19,1,False,False,NEITHER
1344,0.9999467034404276,7442005.19,1,False,False,NEITHER
1345,0.0,6452.34,0,False,False,NEITHER
1346,0.0,4244.99,0,False,False,NEITHER
1347,0.0,24931.84,0,False,False,NEITHER
1348,0.009536150983519405,163556.2,0,False,False,NEITHER
1349,0.0,127851.44,0,False,False,NEITHER
1350,0.015515354353833055,317176.66,0,False,False,NEITHER
1351,0.0,7907.47,0,False,False,NEITHER
1352,0.0798007497872683,54977.28,0,False,False,NEITHER
1353,0.0,291773.22,0,False,False,NEITHER
1354,0.018311579399763286,55619.94,0,False,False,NEITHER
1355,0.0032370346606964908,189141.6,0,False,False,NEITHER
1356,0.004857142857142857,194956.51,0,False,False,NEITHER
1357,0.0,155042.51,0,False,False,NEITHER
1358,0.0,106016.02,0,False,False,NEITHER
1359,0.0,197073.84,0,False,False,NEITHER
1360,0.0025,66692.95,0,False,False,NEITHER
1361,0.0047674418604651166,22442.6,0,False,False,NEITHER
1362,0.0,14892.71,0,False,False,NEITHER
1363,0.0,11581.74,0,False,False,NEITHER
1364,0.99963895756394,971133.63,1,False,False,NEITHER
1365,0.0,6223.39,0,False,False,NEITHER
1366,0.22395893578599502,29289.37,0,False,False,NEITHER
1367,9.603860354222282e-05,195866.36,0,False,False,NEITHER
1368,0.038010214814883335,504368.92,0,False,False,NEITHER
1369,0.0,6128.31,0,False,False,NEITHER
1370,0.0006936768455419462,58362.91,0,False,False,NEITHER
1371,0.014004534926957557,37264.81,0,False,False,NEITHER
1372,0.0,45239.1,0,False,False,NEITHER
1373,0.06141573158456742,27377.44,0,False,False,NEITHER
1374,0.0,91145.1,0,False,False,NEITHER
1375,0.05430672257486194,64131.54,0,False,False,NEITHER
1376,0.0,10167.04,0,False,False,NEITHER
1377,0.0,17447.55,0,False,False,NEITHER
1378,0.0038314535210087967,112911.58,0,False,False,NEITHER
1379,0.0032370346606964908,373675.9,0,False,False,NEITHER
1380,0.009175324675324675,23150.92,0,False,False,NEITHER
1381,0.0,5283.09,0,False,False,NEITHER
1382,0.0,11026.3,0,False,False,NEITHER
1383,0.10640896432769162,1225.23,0,False,False,NEITHER
1384,0.0,7580.96,0,False,False,NEITHER
1385,0.0814958410540887,518532.74,0,False,False,NEITHER
1386,0.00012681159420289856,2471.18,0,False,False,NEITHER
1387,0.04346320683745317,466013.28,0,False,False,NEITHER
1388,0.0032370346606964908,183592.62,0,False,False,NEITHER
1389,0.003688375676731423,162389.58,0,False,False,NEITHER
1390,0.005,1130110.87,0,False,False,NEITHER
1391,0.0,4247.82,0,False,False,NEITHER
1392,0.011776824222451781,417977.88,0,False,False,NEITHER
1393,0.021672308272361468,72479.17,0,False,False,NEITHER
1394,0.0032370346606964908,605074.76,0,False,False,NEITHER
1395,0.0047674418604651166,19438.27,0,False,False,NEITHER
1396,0.1225962088177757,8843.52,0,False,False,NEITHER
1397,0.0025,202536.93,0,False,False,NEITHER
1398,0.0,12501.18,0,False,False,NEITHER
1399,0.0,10952.59,0,False,False,NEITHER
1400,0.004857142857142857,314076.3,0,False,False,NEITHER
1401,0.007857142857142858,507883.0,0,False,False,NEITHER
1402,0.005733441708456005,220474.67,0,False,False,NEITHER
1403,0.028881375455463716,6215.74,0,False,False,NEITHER
1404,0.028568554455274935,15358.74,0,False,False,NEITHER
1405,0.0,6455.86,0,False,False,NEITHER
1406,0.0,6422.43,0,False,False,NEITHER
1407,0.021672308272361468,84449.64,0,False,False,NEITHER
1408,0.054471785823944796,120918.86,0,False,False,NEITHER
1409,0.0,42288.6,0,False,False,NEITHER
1410,0.0,8947.37,0,False,False,NEITHER
1411,0.030691609977324265,62171.03,0,False,False,NEITHER
1412,0.0,208157.53,0,False,False,NEITHER
1413,0.0034473103253917147,282818.46,0,False,False,NEITHER
1414,0.0037735956486056217,368971.02,0,False,False,NEITHER
1415,0.9878400291907735,228416.57,1,False,False,NEITHER
1416,0.9995018553896848,228416.57,1,False,False,NEITHER
1417,0.9981330616493314,49492.39,1,False,False,NEITHER
1418,0.9997440697727132,6174385.48,1,False,False,NEITHER
1419,0.9855651275849078,49492.39,1,False,False,NEITHER
1420,0.9944903340614171,276253.24,1,False,False,NEITHER
1421,0.9966673577416987,953615.38,1,False,False,NEITHER
1422,0.9940620543762388,276253.24,1,False,False,NEITHER
1423,0.9981702592359681,2163012.63,1,False,False,NEITHER
1424,0.999952233461324,2163012.63,1,False,False,NEITHER
1425,0.9955632957410627,291527.75,1,False,False,NEITHER
1426,0.9984493319670545,953615.38,1,False,False,NEITHER
1427,0.9994903340614171,291527.75,1,False,False,NEITHER
1428,0.9998038462975704,6174385.48,1,False,False,NEITHER
1429,0.0,5898.73,0,False,False,NEITHER
1430,0.010359235228215379,317157.11,0,False,False,NEITHER
1431,0.0,150045.24,0,False,False,NEITHER
1432,0.009142829585537918,351460.95,0,False,False,NEITHER
1433,0.0,3548.32,0,False,False,NEITHER
1434,0.0,7863.52,0,False,False,NEITHER
1435,0.05333642640870597,3328.05,0,False,False,NEITHER
1436,0.026697400583334287,21700.21,0,False,False,NEITHER
1437,0.0,27826.21,0,False,False,NEITHER
1438,0.0,15209.44,0,False,False,NEITHER
1439,0.02719995919989064,161773.08,0,False,False,NEITHER
1440,0.008286355881023902,101496.52,0,False,False,NEITHER
1441,0.003,471282.5,0,False,False,NEITHER
1442,0.16082288506437872,208614.87,0,False,False,NEITHER
1443,0.018114847556333954,506828.28,0,False,False,NEITHER
1444,0.0,6562.52,0,False,False,NEITHER
1445,0.0,95677.1,0,False,False,NEITHER
1446,0.0,14616.29,0,False,False,NEITHER
1447,0.0,361537.62,0,False,False,NEITHER
1448,0.0,91110.84,0,False,False,NEITHER
1449,0.009135758643024575,77605.95,0,False,False,NEITHER
1450,0.0056370656370656365,1790.73,0,False,False,NEITHER
1451,0.99920667787247,343429.34,1,False,False,NEITHER
1452,0.9953051003185975,343429.34,1,False,False,NEITHER
1453,0.9999467034404276,3887853.15,1,False,False,NEITHER
1454,0.9993772165233636,3887853.15,1,False,False,NEITHER
1455,0.9999539772418403,3574316.05,1,False,False,NEITHER
1456,0.9999823833197872,3574316.05,1,True,True,BOTH
1457,0.9990709481458189,66643.99,1,False,False,NEITHER
1458,0.9908419350172823,66643.99,1,False,False,NEITHER
1459,0.9999451825894612,912950.54,1,False,False,NEITHER
1460,0.00012681159420289856,3768.04,0,False,False,NEITHER
1461,0.0,15633.46,0,False,False,NEITHER
1462,0.003403816239561353,254523.1,0,False,False,NEITHER
1463,0.0,144225.41,0,False,False,NEITHER
1464,0.005,14881.57,0,False,False,NEITHER
1465,0.017814580941446615,358355.85,0,False,False,NEITHER
1466,0.05244056587133396,25897.86,0,False,False,NEITHER
1467,0.0,8490.68,0,False,False,NEITHER
1468,0.0,1307.34,0,False,False,NEITHER
1469,0.01529826751909916,121618.67,0,False,False,NEITHER
1470,0.0,665409.07,0,False,False,NEITHER
1471,0.0,4494.62,0,False,False,NEITHER
1472,8.571428571428571e-05,501070.13,0,False,False,NEITHER
1473,0.004897959183673469,12283.69,0,False,False,NEITHER
1474,0.0,5903.13,0,False,False,NEITHER
1475,0.008699302245044675,59271.24,0,False,False,NEITHER
1476,0.0,5887.11,0,False,False,NEITHER
1477,0.027590236204897856,13453.15,0,False,False,NEITHER
1478,4.0840676338109014e-05,140242.48,0,False,False,NEITHER
1479,0.043367293625914315,109566.72,0,False,False,NEITHER
1480,0.00706140350877193,117399.95,0,False,False,NEITHER
1481,0.004540483047986667,102222.11,0,False,False,NEITHER
1482,0.0075,37164.15,0,False,False,NEITHER
1483,0.9996984751631203,166891.51,1,False,False,NEITHER
1484,0.9974555959055144,166891.51,1,False,False,NEITHER
1485,0.9997097465663726,912950.54,1,False,False,NEITHER
1486,0.003311993554654481,100162.8,0,False,False,NEITHER
1487,0.0,12190.73,0,False,False,NEITHER
1488,0.00012681159420289856,3315.53,0,False,False,NEITHER
1489,0.003566658949690943,191599.48,0,False,False,NEITHER
1490,0.0,2114.45,0,False,False,NEITHER
1491,0.0,49964.72,0,False,False,NEITHER
1492,0.0038110221205186878,105.94,0,False,False,NEITHER
1493,0.039607307503969076,332343.74,0,False,False,NEITHER
1494,0.008840138730207432,101369.74,0,False,False,NEITHER
1495,0.008841262712934454,71870.22,0,False,False,NEITHER
1496,0.003372571643712753,325314.86,0,False,False,NEITHER
1497,0.0,519543.08,0,False,False,NEITHER
1498,0.00012681159420289856,6974.48,0,False,False,NEITHER
1499,0.0,23162.05,0,False,False,NEITHER
1500,0.0,30358.07,0,False,False,NEITHER
1501,0.003372571643712753,232000.97,0,False,False,NEITHER
1502,0.008333110221814898,62186.29,0,False,False,NEITHER
1503,0.0,1464.12,0,False,False,NEITHER
1504,0.0,101723.42,0,False,False,NEITHER
1505,0.0035412934815277504,510519.24,0,False,False,NEITHER
1506,0.9979072033182708,32935.25,1,False,False,NEITHER
1507,0.9935224594017252,32935.25,1,False,False,NEITHER
1508,0.9993940736542076,116636.06,1,False,False,NEITHER
1509,1.7405430494314226e-06,141337.84,0,False,False,NEITHER
1510,0.003235294117647059,240953.35,0,False,False,NEITHER
1511,0.9999303249257828,473086.28,1,False,False,NEITHER
1512,0.0,80743.63,0,False,False,NEITHER
1513,0.9988162088187391,84174.31,1,False,False,NEITHER
1514,0.003430091743609016,68249.69,0,False,False,NEITHER
1515,0.005,38784.41,0,False,False,NEITHER
1516,0.9835683258910415,473086.28,1,False,False,NEITHER
1517,0.9886326540010373,84174.31,1,False,False,NEITHER
1518,0.08301359950647955,29328.54,0,False,False,NEITHER
1519,0.003481488177661366,126904.49,0,False,False,NEITHER
1520,0.0,3001.94,0,False,False,NEITHER
1521,0.0035550056543907473,167513.97,0,False,False,NEITHER
1522,4.1379310344827587e-05,111689.18,0,False,False,NEITHER
1523,0.019067964261121836,211692.24,0,False,False,NEITHER
1524,0.0,2558.82,0,False,False,NEITHER
1525,0.012608245305563785,46855.6,0,False,False,NEITHER
1526,0.006494291241793048,123675.68,0,False,False,NEITHER
1527,0.0,5669.31,0,False,False,NEITHER
1528,0.004897959183673469,55843.76,0,False,False,NEITHER
1529,0.0,2630.66,0,False,False,NEITHER
1530,0.0,14777.57,0,False,False,NEITHER
1531,0.0,20480.08,0,False,False,NEITHER
1532,0.00012681159420289856,5403.79,0,False,False,NEITHER
1533,0.00012681159420289856,160.0,0,False,False,NEITHER
1534,0.0,10985.56,0,False,False,NEITHER
1535,0.0,77523.36,0,False,False,NEITHER
1536,0.0033313327211892817,195200.24,0,False,False,NEITHER
1537,0.0034716068771487012,167895.94,0,False,False,NEITHER
1538,0.0,13369.11,0,False,False,NEITHER
1539,0.0,488118.12,0,False,False,NEITHER
1540,0.9969489923493061,116636.06,1,False,False,NEITHER
1541,0.016862893369439295,142589.48,0,False,False,NEITHER
1542,0.0,5743.6,0,False,False,NEITHER
1543,0.9981702592359681,1518718.03,1,False,False,NEITHER
1544,0.999952233461324,1518718.03,1,False,False,NEITHER
1545,0.997828391301785,612241.76,1,False,False,NEITHER
1546,0.999942762085593,612241.76,1,False,False,NEITHER
1547,0.0,868.86,0,False,False,NEITHER
1548,0.005464008127397615,81429.94,0,False,False,NEITHER
1549,0.0,8748.66,0,False,False,NEITHER
1550,0.0032370346606964908,146448.14,0,False,False,NEITHER
1551,0.0,14582.28,0,False,False,NEITHER
1552,0.0,4163.44,0,False,False,NEITHER
1553,0.0032370346606964908,281690.14,0,False,False,NEITHER
1554,0.003432456891263437,112238.18,0,False,False,NEITHER
1555,0.0032370346606964908,147903.4,0,False,False,NEITHER
1556,0.0056370656370656365,1403.76,0,False,False,NEITHER
1557,0.01924847354138399,42297.99,0,False,False,NEITHER
1558,0.0032723547489967113,274690.98,0,False,False,NEITHER
1559,0.0,147238.12,0,False,False,NEITHER
1560,0.01484375,91902.72,0,False,False,NEITHER
1561,0.0,366118.34,0,False,False,NEITHER
1562,0.0025,11838.31,0,False,False,NEITHER
1563,0.009212454212454212,129648.33,0,False,False,NEITHER
1564,0.022989029781561414,2983.28,0,False,False,NEITHER
1565,1.7405430494314226e-06,135706.68,0,False,False,NEITHER
1566,0.03460190770716364,65690.35,0,False,False,NEITHER
1567,0.08728074970472438,110298.46,0,False,False,NEITHER
1568,0.009063063063063063,78650.65,0,False,False,NEITHER
1569,6.231198968629137e-05,282645.18,0,False,False,NEITHER
1570,0.020319779802153062,369788.96,0,False,False,NEITHER
1571,0.0035122982031739803,167801.08,0,False,False,NEITHER
1572,0.0,9294.15,0,False,False,NEITHER
1573,0.0025,56466.74,0,False,False,NEITHER
1574,0.003235294117647059,47123.16,0,False,False,NEITHER
1575,0.004561403508771929,183814.93,0,False,False,NEITHER
1576,0.0,5341.49,0,False,False,NEITHER
1577,0.0,20220.78,0,False,False,NEITHER
1578,0.20236674924767253,28703.85,0,False,False,NEITHER
1579,0.10229117685366797,1057.04,0,False,False,NEITHER
1580,0.0,7939.57,0,False,False,NEITHER
1581,0.0,3756.31,0,False,False,NEITHER
1582,0.0,9166.05,0,False,False,NEITHER
1583,0.0038314535210087967,366227.07,0,False,False,NEITHER
1584,0.023367293625914318,288245.23,0,False,False,NEITHER
1585,0.0,7041.98,0,False,False,NEITHER
1586,0.0,186825.78,0,False,False,NEITHER
1587,0.0023700042973785994,122860.9,0,False,False,NEITHER
1588,0.0037691415313225057,71487.33,0,False,False,NEITHER
1589,0.0,22349.42,0,False,False,NEITHER
1590,6.231198968629137e-05,188440.87,0,False,False,NEITHER
1591,0.029792492804241472,149208.06,0,False,False,NEITHER
1592,0.0,191323.78,0,False,False,NEITHER
1593,0.012733637270461949,71654.06,0,False,False,NEITHER
1594,0.0,119192.86,0,False,False,NEITHER
1595,0.01529826751909916,157236.13,0,False,False,NEITHER
1596,0.003316603122214998,773201.82,0,False,False,NEITHER
1597,0.0,239349.3,0,False,False,NEITHER
1598,0.003333333333333333,228513.07,0,False,False,NEITHER
1599,0.0001372775260656939,222588.0,0,False,False,NEITHER
1600,0.0,332101.11,0,False,False,NEITHER
1601,0.0,37033.79,0,False,False,NEITHER
1602,0.0,11138.94,0,False,False,NEITHER
1603,0.016862893369439295,247936.5,0,False,False,NEITHER
1604,0.0,13159.2,0,False,False,NEITHER
1605,0.19212494443929312,509.74,0,False,False,NEITHER
1606,0.0,4808.38,0,False,False,NEITHER
1607,0.0,1215.08,0,False,False,NEITHER
1608,0.007745585254983489,77478.28,0,False,False,NEITHER
1609,0.06499174467994627,9811.35,0,False,False,NEITHER
1610,0.0,2325.28,0,False,False,NEITHER
1611,0.04110429783440729,38239.43,0,False,False,NEITHER
1612,1.7405430494314226e-06,338379.01,0,False,False,NEITHER
1613,0.0033237393340174687,134609.25,0,False,False,NEITHER
1614,0.0,2395.09,0,False,False,NEITHER
1615,0.027606051248851113,59459.03,0,False,False,NEITHER
1616,0.0037314446565015567,259456.78,0,False,False,NEITHER
1617,0.07042235748977017,94337.54,0,False,False,NEITHER
1618,0.0,3923.15,0,False,False,NEITHER
1619,0.020419007947989426,40553.66,0,False,False,NEITHER
1620,0.0,19555.47,0,False,False,NEITHER
1621,6.231198968629137e-05,164696.51,0,False,False,NEITHER
1622,0.17370553457008228,3372.16,0,False,False,NEITHER
1623,0.0,127851.95,0,False,False,NEITHER
1624,0.0,136791.65,0,False,False,NEITHER
1625,0.005,15126.97,0,False,False,NEITHER
1626,0.0,9959.37,0,False,False,NEITHER
1627,0.00014658804076036084,353770.81,0,False,False,NEITHER
1628,0.0,16904.09,0,False,False,NEITHER
1629,0.0,30996.19,0,False,False,NEITHER
1630,0.0,283660.23,0,False,False,NEITHER
1631,0.0047674418604651166,20788.95,0,False,False,NEITHER
1632,0.0036436745576042544,99696.97,0,False,False,NEITHER
1633,0.0,17157.91,0,False,False,NEITHER
1634,0.0,11311.94,0,False,False,NEITHER
1635,0.03203994899388647,65386.76,0,False,False,NEITHER
1636,0.0,16496.65,0,False,False,NEITHER
1637,0.004047619047619047,103.87,0,False,False,NEITHER
1638,0.0,5817.34,0,False,False,NEITHER
1639,0.999486980902773,349619.91,1,False,False,NEITHER
1640,0.007542867948743206,19796.85,0,False,False,NEITHER
1641,0.0,11054.05,0,False,False,NEITHER
1642,0.0585054399718553,76631.66,0,False,False,NEITHER
1643,0.05188476774714557,270032.11,0,False,False,NEITHER
1644,0.0,4533.6,0,False,False,NEITHER
1645,0.0,100271.35,0,False,False,NEITHER
1646,0.0,7483.09,0,False,False,NEITHER
1647,0.017623703882324572,174503.28,0,False,False,NEITHER
1648,0.0,7275.72,0,False,False,NEITHER
1649,0.0,8020.02,0,False,False,NEITHER
1650,0.008173903436084411,57551.53,0,False,False,NEITHER
1651,0.0,866.24,0,False,False,NEITHER
1652,0.0,25859.18,0,False,False,NEITHER
1653,0.003235294117647059,346197.85,0,False,False,NEITHER
1654,0.0,13271.67,0,False,False,NEITHER
1655,0.0,58659.21,0,False,False,NEITHER
1656,0.9999467034404276,6856104.02,1,False,False,NEITHER
1657,0.0,7266.75,0,False,False,NEITHER
1658,0.003681791241793047,148603.22,0,False,False,NEITHER
1659,0.9899330640075656,46072.33,1,False,False,NEITHER
1660,0.9999451825894612,701697.49,1,False,False,NEITHER
1661,0.9989284520271451,701697.49,1,False,False,NEITHER
1662,0.9999303249257828,466218.08,1,False,False,NEITHER
1663,0.9944219730030275,466218.08,1,False,False,NEITHER
1664,0.0047674418604651166,23307.31,0,False,False,NEITHER
1665,0.004722222222222222,51959.7,0,False,False,NEITHER
1666,0.0,246617.63,0,False,False,NEITHER
1667,0.003337211848874689,714238.74,0,False,False,NEITHER
1668,0.0025,46792.86,0,False,False,NEITHER
1669,0.9982789766114056,46072.33,1,False,False,NEITHER
1670,0.9981479778967375,880661.14,1,False,False,NEITHER
1671,0.9999451825894612,880661.14,1,False,False,NEITHER
1672,0.9999724095000431,6856104.02,1,False,False,NEITHER
1673,0.9996878415807048,10000000.0,1,False,False,NEITHER
1674,0.9986073624551919,255557.12,1,False,False,NEITHER
1675,0.9924984172584794,255557.12,1,False,False,NEITHER
1676,0.9921864059743045,349619.91,1,False,False,NEITHER
1677,0.0,2538.4,0,False,False,NEITHER
1678,0.0,15483.38,0,False,False,NEITHER
1679,0.026410265391000057,35367.39,0,False,False,NEITHER
1680,0.0,8640.74,0,False,False,NEITHER
1681,0.0,134149.86,0,False,False,NEITHER
1682,0.004047619047619047,233.32,0,False,False,NEITHER
1683,0.0,71099.61,0,False,False,NEITHER
1684,0.0035968681059826125,214544.61,0,False,False,NEITHER
1685,0.012791439798626469,325206.88,0,False,False,NEITHER
1686,0.9970091489942291,163490.28,1,False,False,NEITHER
1687,0.9996984751631203,163490.28,1,False,False,NEITHER
1688,0.9999823833197872,10000000.0,1,True,True,BOTH
1689,0.0047674418604651166,19928.73,0,False,False,NEITHER
1690,0.0,19493.1,0,False,False,NEITHER
1691,0.004145683955958362,46632.15,0,False,False,NEITHER
1692,0.0,12879.02,0,False,False,NEITHER
1693,0.026077070177123372,59044.66,0,False,False,NEITHER
1694,0.18931698846502282,149698.68,0,False,False,NEITHER
1695,0.009836065573770491,35244.12,0,False,False,NEITHER
1696,0.04415168409283604,10832.49,0,False,False,NEITHER
1697,0.0703055507502417,26244.91,0,False,False,NEITHER
1698,8.437446473801951e-05,183446.54,0,False,False,NEITHER
1699,0.05117947798737314,147434.26,0,False,False,NEITHER
1700,9.603860354222282e-05,172632.16,0,False,False,NEITHER
1701,0.004318181818181818,6531.02,0,False,False,NEITHER
1702,0.003566658949690943,128976.14,0,False,False,NEITHER
1703,0.0,164600.06,0,False,False,NEITHER
1704,0.0,1323.02,0,False,False,NEITHER
1705,3.532008830022075e-05,133872.84,0,False,False,NEITHER
1706,0.0,54471.01,0,False,False,NEITHER
1707,0.0,127029.37,0,False,False,NEITHER
1708,0.0,91376.38,0,False,False,NEITHER
1709,0.05609550060002863,412468.15,0,False,False,NEITHER
1710,0.004821428571428571,76502.82,0,False,False,NEITHER
1711,0.005,28434.24,0,False,False,NEITHER
1712,0.05443442951455821,284589.62,0,False,False,NEITHER
1713,0.07379999573170581,23367.03,0,False,False,NEITHER
1714,0.9999753101566937,2109967.47,1,False,False,NEITHER
1715,0.0,12873.07,0,False,False,NEITHER
1716,0.0,301013.11,0,False,False,NEITHER
1717,0.0032370346606964908,268078.12,0,False,False,NEITHER
1718,0.999952233461324,2109967.47,1,False,False,NEITHER
1719,0.9948712101498987,463891.31,1,False,False,NEITHER
1720,0.9999303249257828,463891.31,1,False,False,NEITHER
1721,0.9997675899737011,1018645.2,1,False,False,NEITHER
1722,0.9999493319670545,1018645.2,1,False,False,NEITHER
1723,0.0035882352941176473,15412.33,0,False,False,NEITHER
1724,0.0,270816.97,0,False,False,NEITHER
1725,0.007163072771407501,331299.91,0,False,False,NEITHER
1726,0.0,64926.93,0,False,False,NEITHER
1727,0.0,15333.1,0,False,False,NEITHER
1728,0.0,20184.83,0,False,False,NEITHER
1729,0.0,18437.44,0,False,False,NEITHER
1730,0.06369547375563908,64286.05,0,False,False,NEITHER
1731,0.010976057180206318,67036.98,0,False,False,NEITHER
1732,0.007843864690498746,159714.26,0,False,False,NEITHER
1733,0.0,2003.13,0,False,False,NEITHER
1734,0.0,33568.43,0,False,False,NEITHER
1735,0.003235294117647059,963903.36,0,False,False,NEITHER
1736,0.01234279521415607,89762.76,0,False,False,NEITHER
1737,0.0,3955.79,0,False,False,NEITHER
1738,0.0,133931.3,0,False,False,NEITHER
1739,0.0,9761.65,0,False,False,NEITHER
1740,0.03155384865232094,55068.29,0,False,False,NEITHER
1741,0.0,23533.98,0,False,False,NEITHER
1742,0.06411047286047285,144556.23,0,False,False,NEITHER
1743,0.0,7758.37,0,False,False,NEITHER
1744,0.0,264.07,0,False,False,NEITHER
1745,0.003,432976.66,0,False,False,NEITHER
1746,0.05128153498234357,115776.68,0,False,False,NEITHER
1747,0.0,2922.57,0,False,False,NEITHER
1748,0.04711106227180273,22130.8,0,False,False,NEITHER
1749,0.014008752016212277,56224.05,0,False,False,NEITHER
1750,0.0,251477.21,0,False,False,NEITHER
1751,0.0013513513513513514,246.91,0,False,False,NEITHER
1752,0.0,8878.92,0,False,False,NEITHER
1753,0.9996981645062171,6204.71,1,False,False,NEITHER
1754,0.9854119462293909,6204.71,1,False,False,NEITHER
1755,0.9999467034404276,5175876.53,1,False,False,NEITHER
1756,0.9856801481191451,174107.36,1,False,False,NEITHER
1757,0.9996984751631203,174107.36,1,False,False,NEITHER
1758,0.9990269632191154,5175876.53,1,False,False,NEITHER
1759,0.9683728200117545,21358.8,1,False,False,NEITHER
1760,0.9994903340614171,292815.44,1,False,False,NEITHER
1761,0.9991611404656472,10000000.0,1,False,False,NEITHER
1762,0.9955632957410627,292815.44,1,False,False,NEITHER
1763,0.998028959976087,21358.8,1,False,False,NEITHER
1764,0.9964084294779677,186567.41,1,False,False,NEITHER
1765,0.9985773508550583,257811.92,1,False,False,NEITHER
1766,0.9998282815184533,8980853.88,1,False,False,NEITHER
1767,0.9997219493415241,186567.41,1,False,False,NEITHER
1768,0.9986672524046231,71729.96,1,False,False,NEITHER
1769,0.9929312365149099,71729.96,1,False,False,NEITHER
1770,0.9944444906625634,76582.23,1,False,False,NEITHER
1771,0.0,59933.43,0,False,False,NEITHER
1772,0.9984993753515654,715662.13,1,False,False,NEITHER
1773,0.9999451825894612,715662.13,1,False,False,NEITHER
1774,0.0,7196.23,0,False,False,NEITHER
1775,0.9993250435005137,76582.23,1,False,False,NEITHER
1776,0.0047674418604651166,27554.64,0,False,False,NEITHER
1777,0.9999467034404276,8980853.88,1,False,False,NEITHER
1778,0.9981702592359681,10000000.0,1,False,False,NEITHER
1779,0.0,239988.71,0,False,False,NEITHER
1780,0.0,10647.55,0,False,False,NEITHER
1781,0.00012681159420289856,2243.58,0,False,False,NEITHER
1782,0.9931459376701927,257811.92,1,False,False,NEITHER
1783,0.022153756632213317,93219.08,0,False,False,NEITHER
1784,0.0,92084.36,0,False,False,NEITHER
1785,0.0,14149.59,0,False,False,NEITHER
1786,0.0,7714.13,0,False,False,NEITHER
1787,0.003,385671.23,0,False,False,NEITHER
1788,0.0,5028.05,0,False,False,NEITHER
1789,0.0,5490.82,0,False,False,NEITHER
1790,0.00012681159420289856,5425.88,0,False,False,NEITHER
1791,0.0,225136.98,0,False,False,NEITHER
1792,0.0,181409.32,0,False,False,NEITHER
1793,0.04503285498013453,4820.95,0,False,False,NEITHER
1794,0.003426221038911042,647205.28,0,False,False,NEITHER
1795,0.0,221937.02,0,False,False,NEITHER
1796,0.9994903340614171,286835.21,1,False,False,NEITHER
1797,0.9999823833197872,7435751.59,1,True,True,BOTH
1798,0.9979214808428571,665676.43,1,False,False,NEITHER
1799,0.0,215384.28,0,False,False,NEITHER
1800,0.9999451825894612,665676.43,1,False,False,NEITHER
1801,0.9981702592359681,1305754.09,1,False,False,NEITHER
1802,0.999952233461324,1305754.09,1,False,False,NEITHER
1803,0.9933849754265274,286835.21,1,False,False,NEITHER
1804,0.9999451825894612,799123.57,1,False,False,NEITHER
1805,0.9993903040629132,799123.57,1,False,False,NEITHER
1806,0.9999467034404276,7435751.59,1,False,False,NEITHER
1807,0.0,12137.05,0,False,False,NEITHER
1808,0.003481488177661366,113814.61,0,False,False,NEITHER
1809,0.0,6358.81,0,False,False,NEITHER
1810,0.0,12119.19,0,False,False,NEITHER
1811,0.003566658949690943,157914.52,0,False,False,NEITHER
1812,0.0,183881.62,0,False,False,NEITHER
1813,0.0,1651.77,0,False,False,NEITHER
1814,0.00012681159420289856,1584.0,0,False,False,NEITHER
1815,0.0,159274.72,0,False,False,NEITHER
1816,0.0,17401.83,0,False,False,NEITHER
1817,0.0,2541.54,0,False,False,NEITHER
1818,0.003607897872214414,215228.83,0,False,False,NEITHER
1819,0.0,4994.48,0,False,False,NEITHER
1820,0.009836065573770491,30394.54,0,False,False,NEITHER
1821,0.0,8253.64,0,False,False,NEITHER
1822,0.008303571428571428,34556.5,0,False,False,NEITHER
1823,0.0,4965.0,0,False,False,NEITHER
1824,0.0036336610067016174,243907.98,0,False,False,NEITHER
1825,0.0,196037.57,0,False,False,NEITHER
1826,0.0,7750.61,0,False,False,NEITHER
1827,0.03230452191918357,11511.12,0,False,False,NEITHER
1828,0.0,1357.36,0,False,False,NEITHER
1829,0.0,121890.78,0,False,False,NEITHER
1830,0.0035412934815277504,520342.38,0,False,False,NEITHER
1831,0.0,262911.91,0,False,False,NEITHER
1832,0.003235294117647059,34605.47,0,False,False,NEITHER
1833,0.012637452744956366,102791.44,0,False,False,NEITHER
1834,0.005,7080.83,0,False,False,NEITHER
1835,0.0,71991.38,0,False,False,NEITHER
1836,0.0,6173.01,0,False,False,NEITHER
1837,0.9999451825894612,803038.11,1,False,False,NEITHER
1838,0.9986086536807562,803038.11,1,False,False,NEITHER
1839,0.9925750934487584,44044.79,1,False,False,NEITHER
1840,0.997663591996021,44044.79,1,False,False,NEITHER
1841,0.99920667787247,343972.5,1,False,False,NEITHER
1842,0.9963846726298975,343972.5,1,False,False,NEITHER
1843,0.9993133719346622,106850.22,1,False,False,NEITHER
1844,0.9990789444215086,378623.9,1,False,False,NEITHER
1845,0.9966441642007523,378623.9,1,False,False,NEITHER
1846,0.9999823833197872,1226390.31,1,True,True,BOTH
1847,0.998039773021399,1272493.9,1,False,False,NEITHER
1848,0.999952233461324,1272493.9,1,False,False,NEITHER
1849,0.9956915008692678,289177.34,1,False,False,NEITHER
1850,0.9994903340614171,289177.34,1,False,False,NEITHER
1851,0.9981386226959412,620791.47,1,False,False,NEITHER
1852,0.9904990181980996,106850.22,1,False,False,NEITHER
1853,0.999952233461324,1226390.31,1,False,False,NEITHER
1854,0.999942762085593,620791.47,1,False,False,NEITHER
1855,0.9999709598044793,2184556.65,1,False,False,NEITHER
1856,0.999952233461324,2184556.65,1,False,False,NEITHER
1857,0.9999773982752989,2479767.72,1,True,True,BOTH
1858,0.999952233461324,2479767.72,1,False,False,NEITHER
1859,0.9999725249809518,9097679.75,1,False,False,NEITHER
1860,0.9981702592359681,2360965.74,1,False,False,NEITHER
1861,0.999952233461324,2360965.74,1,False,False,NEITHER
1862,0.9995315915807048,10000000.0,1,False,False,NEITHER
1863,0.999952233461324,1242226.78,1,False,False,NEITHER
1864,0.9999753101566937,1242226.78,1,False,True,RISKPILOT_ONLY
1865,0.9999467034404276,9097679.75,1,False,False,NEITHER
1866,0.9999709598044793,10000000.0,1,False,False,NEITHER
1867,0.9999451825894612,748726.81,1,False,False,NEITHER
1868,0.982343604107565,748726.81,1,False,False,NEITHER
1869,0.999187310606091,131842.85,1,False,False,NEITHER
1870,0.9904194965094086,131842.85,1,False,False,NEITHER
1871,0.9999539772418403,2763398.31,1,False,False,NEITHER
1872,0.9981310734765891,62372.43,1,False,False,NEITHER
1873,0.9988212532940827,257643.59,1,False,False,NEITHER
1874,0.9997219493415241,181545.14,1,False,False,NEITHER
1875,0.9994480608336864,148714.54,1,False,False,NEITHER
1876,0.9993767678412128,215013.3,1,False,False,NEITHER
1877,0.9871343852313305,181545.14,1,False,False,NEITHER
1878,0.9956854355744075,257643.59,1,False,False,NEITHER
1879,0.9988162088187391,84480.05,1,False,False,NEITHER
1880,0.985430691309036,84480.05,1,False,False,NEITHER
1881,0.9764521829526305,215013.3,1,False,False,NEITHER
1882,0.9968297058433613,148714.54,1,False,False,NEITHER
1883,0.9999823833197872,2763398.31,1,True,True,BOTH
1884,0.9970091489942291,162326.52,1,False,False,NEITHER
1885,0.9939530604175387,62372.43,1,False,False,NEITHER
1886,0.9996984751631203,162326.52,1,False,False,NEITHER
1887,0.9992512165113506,113447.92,1,False,False,NEITHER
1888,0.9872481681011739,113447.92,1,False,False,NEITHER
1889,0.991618657669179,346103.09,1,False,False,NEITHER
1890,0.99920667787247,346103.09,1,False,False,NEITHER
1891,0.999942762085593,635409.32,1,False,False,NEITHER
1892,0.9974023589596775,635409.32,1,False,False,NEITHER
1893,0.9932095623776895,91882.6,1,False,False,NEITHER
1894,0.9981702592359681,8537861.24,1,False,False,NEITHER
1895,0.9993250435005137,74581.07,1,False,False,NEITHER
1896,0.9906540635855321,74581.07,1,False,False,NEITHER
1897,0.9999467034404276,8537861.24,1,False,False,NEITHER
1898,0.979335582085135,91882.6,1,False,False,NEITHER
1899,0.9980373768312641,731113.99,1,False,False,NEITHER
1900,0.994754379217985,306691.05,1,False,False,NEITHER
1901,0.9934519309173375,496420.67,1,False,False,NEITHER
1902,0.9999303249257828,496420.67,1,False,False,NEITHER
1903,0.9986271029970811,79581.24,1,False,False,NEITHER
1904,0.9782021072541477,79581.24,1,False,False,NEITHER
1905,0.999952233461324,1947831.96,1,False,False,NEITHER
1906,0.9999451825894612,731113.99,1,False,False,NEITHER
1907,0.9986806942964767,306691.05,1,False,False,NEITHER
1908,0.9981702592359681,1947831.96,1,False,False,NEITHER
1909,0.9990461489597743,644314.67,1,False,False,NEITHER
1910,0.9972062960473933,644314.67,1,False,False,NEITHER
1911,0.998667378717249,308778.37,1,False,False,NEITHER
1912,0.9999725249809518,10000000.0,1,False,False,NEITHER
1913,0.9981702592359681,10000000.0,1,False,False,NEITHER
1914,0.9994850694102656,10000000.0,1,False,False,NEITHER
1915,0.9994197058135879,240746.27,1,False,False,NEITHER
1916,0.9831602643632205,308778.37,1,False,False,NEITHER
1917,0.9999539772418403,3171085.59,1,False,False,NEITHER
1918,0.9981702592359681,10000000.0,1,False,False,NEITHER
1919,0.9979866881271026,573266.42,1,False,False,NEITHER
1920,0.9997046668474977,573266.42,1,False,False,NEITHER
1921,0.9880839434997154,240746.27,1,False,False,NEITHER
1922,0.9985732910597049,10000000.0,1,False,False,NEITHER
1923,0.9995338527502454,10000000.0,1,False,False,NEITHER
1924,0.8713431556079168,0.0,1,False,False,NEITHER
1925,0.9947168560831434,337287.72,1,False,False,NEITHER
1926,0.9947434015744563,512922.65,1,False,False,NEITHER
1927,0.9999355523173145,512922.65,1,False,False,NEITHER
1928,0.9999467034404276,6498297.7,1,False,False,NEITHER
1929,0.9990677889835812,337287.72,1,False,False,NEITHER
1930,0.9983937329069877,13024.95,1,False,False,NEITHER
1931,0.9999527751588864,6498297.7,1,False,False,NEITHER
1932,0.9829488193720809,13024.95,1,False,False,NEITHER
1933,0.9999527751588864,1722892.9,1,False,False,NEITHER
1934,0.9980444320530724,672812.53,1,False,False,NEITHER
1935,0.9961026992982072,391855.44,1,False,False,NEITHER
1936,0.999952233461324,1593189.25,1,False,False,NEITHER
1937,0.9999473291375008,1593189.25,1,False,False,NEITHER
1938,0.9963912400554666,339152.24,1,False,False,NEITHER
1939,0.9981702592359681,8813323.11,1,False,False,NEITHER
1940,0.999952233461324,1722892.9,1,False,False,NEITHER
1941,0.9999451825894612,672812.53,1,False,False,NEITHER
1942,0.999952233461324,1820864.64,1,False,False,NEITHER
1943,0.9997219493415241,158788.32,1,False,False,NEITHER
1944,0.9822925024777786,158788.32,1,False,False,NEITHER
1945,0.9999467034404276,8813323.11,1,False,False,NEITHER
1946,0.9999753101566937,1820864.64,1,True,False,STRATEGY_A_ONLY
1947,0.99920667787247,339152.24,1,False,False,NEITHER
1948,0.9996425186057725,391855.44,1,False,False,NEITHER
1949,0.033156932906723655,52934.3,0,False,False,NEITHER
1950,0.009655579319509017,140691.05,0,False,False,NEITHER
1951,4.0840676338109014e-05,126348.93,0,False,False,NEITHER
1952,0.0,3800.07,0,False,False,NEITHER
1953,0.0,21688.81,0,False,False,NEITHER
1954,0.0038314535210087967,112433.86,0,False,False,NEITHER
1955,0.03322505071647866,209389.88,0,False,False,NEITHER
1956,0.00012681159420289856,2909.81,0,False,False,NEITHER
1957,0.057020636935021754,212.78,0,False,False,NEITHER
1958,0.0,11606.87,0,False,False,NEITHER
1959,0.0,171258.5,0,False,False,NEITHER
1960,0.021583361175474113,220233.61,0,False,False,NEITHER
1961,0.0,13850.85,0,False,False,NEITHER
1962,0.0,9244.74,0,False,False,NEITHER
1963,0.0,65253.99,0,False,False,NEITHER
1964,9.603860354222282e-05,159256.68,0,False,False,NEITHER
1965,0.0025,161425.38,0,False,False,NEITHER
1966,0.07017663188864998,31188.06,0,False,False,NEITHER
1967,0.9962545009622994,353090.95,1,False,False,NEITHER
1968,0.9990182309027731,353090.95,1,False,False,NEITHER
1969,0.012629262669113715,42794.24,0,False,False,NEITHER
1970,0.007214285714285714,107786.13,0,False,False,NEITHER
1971,0.0047674418604651166,20246.75,0,False,False,NEITHER
1972,0.9964033182195158,404394.04,1,False,False,NEITHER
1973,0.9993133719346622,105269.81,1,False,False,NEITHER
1974,0.9936257579099825,105269.81,1,False,False,NEITHER
1975,0.0,15029.68,0,False,False,NEITHER
1976,0.9997901249715084,989954.57,1,False,False,NEITHER
1977,0.9999493319670545,989954.57,1,False,False,NEITHER
1978,0.9982560734765892,62898.81,1,False,False,NEITHER
1979,0.016387983929292818,455564.05,0,False,False,NEITHER
1980,0.09601273128040816,45067.17,0,False,False,NEITHER
1981,0.0,5445.77,0,False,False,NEITHER
1982,0.003965242029371556,258252.13,0,False,False,NEITHER
1983,0.9994638248194838,404394.04,1,False,False,NEITHER
1984,0.9878347057188686,62898.81,1,False,False,NEITHER
1985,0.0056370656370656365,3332.07,0,False,False,NEITHER
1986,0.0,17341.72,0,False,False,NEITHER
1987,0.003278413971041318,71896.12,0,False,False,NEITHER
1988,0.0,3126.56,0,False,False,NEITHER
1989,0.00375861105268136,134230.66,0,False,False,NEITHER
1990,0.0,8098.67,0,False,False,NEITHER
1991,0.003316603122214998,689877.66,0,False,False,NEITHER
1992,0.0,883.07,0,False,False,NEITHER
1993,0.14650757878764545,107849.81,0,False,False,NEITHER
1994,0.9999451825894612,934590.45,1,False,False,NEITHER
1995,0.9978889904424497,934590.45,1,False,False,NEITHER
1996,0.9858142084678412,265961.0,1,False,False,NEITHER
1997,0.9989807927332572,265961.0,1,False,False,NEITHER
1998,0.0,202664.16,0,False,False,NEITHER
1999,0.9852410173942983,226402.77,1,False,False,NEITHER
2000,0.9995018553896848,226402.77,1,False,False,NEITHER
2001,0.046001628001628,429118.6,0,False,False,NEITHER
2002,0.044376379978954494,261127.07,0,False,False,NEITHER
2003,0.9808444493373861,4676.42,1,False,False,NEITHER
2004,0.9991603735050687,4676.42,1,False,False,NEITHER
2005,0.9983937329069877,15371.72,1,False,False,NEITHER
2006,0.9910683809183581,15371.72,1,False,False,NEITHER
2007,0.9981702592359681,2331777.94,1,False,False,NEITHER
2008,0.999952233461324,2331777.94,1,False,False,NEITHER
2009,0.9999709598044793,3049753.79,1,False,False,NEITHER
2010,0.9999539772418403,3049753.79,1,False,False,NEITHER
2011,0.999952233461324,1735525.5,1,False,False,NEITHER
2012,0.9981702592359681,1735525.5,1,False,False,NEITHER
2013,0.999952233461324,1494146.93,1,False,False,NEITHER
2014,0.9981702592359681,1494146.93,1,False,False,NEITHER
2015,0.0041043046456135344,48688.9,0,False,False,NEITHER
2016,0.0,32425.27,0,False,False,NEITHER
2017,0.0,138613.34,0,False,False,NEITHER
2018,0.006277241056175907,368426.43,0,False,False,NEITHER
2019,0.05847068720046916,17115.82,0,False,False,NEITHER
2020,0.032494388484351114,601755.54,0,False,False,NEITHER
2021,0.05175656261894044,325329.53,0,False,False,NEITHER
2022,0.0,11832.69,0,False,False,NEITHER
2023,0.016862893369439295,255055.45,0,False,False,NEITHER
2024,0.9994197058135879,242296.17,1,False,False,NEITHER
2025,0.016934451982183643,65099.63,0,False,False,NEITHER
2026,0.9983386259727353,87541.41,1,False,False,NEITHER
2027,0.009984939759036145,245435.15,0,False,False,NEITHER
2028,0.0,12324.84,0,False,False,NEITHER
2029,0.01846921522232081,2955.26,0,False,False,NEITHER
2030,0.004897959183673469,25643.35,0,False,False,NEITHER
2031,0.00882105324842755,136831.12,0,False,False,NEITHER
2032,0.0,1074.46,0,False,False,NEITHER
2033,0.0038314535210087967,213403.48,0,False,False,NEITHER
2034,0.9838876395575048,87541.41,1,False,False,NEITHER
2035,0.0,843.66,0,False,False,NEITHER
2036,0.0,31736.0,0,False,False,NEITHER
2037,0.03970669070401096,168071.4,0,False,False,NEITHER
2038,0.0,3316.46,0,False,False,NEITHER
2039,0.003278413971041318,57315.36,0,False,False,NEITHER
2040,0.9839273192845382,66516.2,1,False,False,NEITHER
2041,0.9990709481458189,66516.2,1,False,False,NEITHER
2042,0.9948876657766377,242296.17,1,False,False,NEITHER
2043,0.9983937329069877,14148.64,1,False,False,NEITHER
2044,0.9916963582176547,14148.64,1,False,False,NEITHER
2045,0.005,37396.3,0,False,False,NEITHER
2046,0.012830003920378035,332892.55,0,False,False,NEITHER
2047,0.008831453521008796,176518.64,0,False,False,NEITHER
2048,0.004722222222222222,52402.9,0,False,False,NEITHER
2049,0.005,434297.0,0,False,False,NEITHER
2050,0.0,1495.87,0,False,False,NEITHER
2051,0.0,826.18,0,False,False,NEITHER
2052,0.03926767676767677,715109.87,0,False,False,NEITHER
2053,0.0038314535210087967,367135.8,0,False,False,NEITHER
2054,0.0,33576.98,0,False,False,NEITHER
2055,8.437446473801951e-05,176352.1,0,False,False,NEITHER
2056,0.0,31535.11,0,False,False,NEITHER
2057,0.9998827270789116,1371322.0,1,False,False,NEITHER
2058,0.998977677924805,23134.17,1,False,False,NEITHER
2059,0.003235294117647059,532143.7,0,False,False,NEITHER
2060,6.231198968629137e-05,122161.81,0,False,False,NEITHER
2061,0.0,6987.52,0,False,False,NEITHER
2062,0.0056370656370656365,429.62,0,False,False,NEITHER
2063,0.9935224594017252,33613.11,1,False,False,NEITHER
2064,0.9999467034404276,7418265.31,1,False,False,NEITHER
2065,0.999949849298791,10000000.0,1,False,False,NEITHER
2066,0.05275593105266881,3733.71,0,False,False,NEITHER
2067,0.0,106837.26,0,False,False,NEITHER
2068,0.016714940122842536,171556.51,0,False,False,NEITHER
2069,0.0,290909.42,0,False,False,NEITHER
2070,0.11878131992549223,2487.43,0,False,False,NEITHER
2071,0.9999773982752989,10000000.0,1,True,True,BOTH
2072,1.7405430494314226e-06,245683.11,0,False,False,NEITHER
2073,6.231198968629137e-05,158505.78,0,False,False,NEITHER
2074,0.010880798270611473,90631.91,0,False,False,NEITHER
2075,0.0025,63333.28,0,False,False,NEITHER
2076,0.003235294117647059,625533.11,0,False,False,NEITHER
2077,0.025014331882409636,134834.65,0,False,False,NEITHER
2078,0.003235294117647059,686902.29,0,False,False,NEITHER
2079,0.012059496252204586,307725.41,0,False,False,NEITHER
2080,1.7405430494314226e-06,104916.71,0,False,False,NEITHER
2081,0.03656160657363639,173056.12,0,False,False,NEITHER
2082,0.996028505703702,10000000.0,1,False,False,NEITHER
2083,0.04324620382261842,1023.07,0,False,False,NEITHER
2084,0.09703332241747206,47.54,0,False,False,NEITHER
2085,0.021448565934302347,2448.64,0,False,False,NEITHER
2086,0.06910783434970548,13963.51,0,False,False,NEITHER
2087,0.0,172237.99,0,False,False,NEITHER
2088,0.0715528186692749,82487.49,0,False,False,NEITHER
2089,0.9973029829364556,10000000.0,1,False,False,NEITHER
2090,0.0,46258.25,0,False,False,NEITHER
2091,0.999952233461324,1371322.0,1,False,False,NEITHER
2092,0.9898264974725193,23134.17,1,False,False,NEITHER
2093,0.0047674418604651166,21009.66,0,False,False,NEITHER
2094,0.0032370346606964908,141518.46,0,False,False,NEITHER
2095,0.9997973109891841,10000000.0,1,False,False,NEITHER
2096,0.01811342300658151,103428.18,0,False,False,NEITHER
2097,0.05024039732578834,23751.95,0,False,False,NEITHER
2098,0.009833333333333335,24938.43,0,False,False,NEITHER
2099,0.0,45484.82,0,False,False,NEITHER
2100,6.231198968629137e-05,235859.37,0,False,False,NEITHER
2101,0.0,11871.09,0,False,False,NEITHER
2102,0.0032370346606964908,302238.52,0,False,False,NEITHER
2103,0.9999830018904491,10000000.0,1,True,True,BOTH
2104,0.0,73150.45,0,False,False,NEITHER
2105,0.9981702592359681,7418265.31,1,False,False,NEITHER
2106,0.99879098055798,33613.11,1,False,False,NEITHER
2107,0.005270122606139568,343639.68,0,False,False,NEITHER
2108,0.9981702592359681,3399575.93,1,False,False,NEITHER
2109,0.999952233461324,2580055.17,1,False,False,NEITHER
2110,0.9999773982752989,2580055.17,1,True,True,BOTH
2111,0.999799032280658,986623.96,1,False,False,NEITHER
2112,0.9995018553896848,219407.52,1,False,False,NEITHER
2113,0.9999493319670545,986623.96,1,False,False,NEITHER
2114,0.9848037434607396,219407.52,1,False,False,NEITHER
2115,0.9999539772418403,3399575.93,1,False,False,NEITHER
2116,0.9886243285756637,16514.64,1,False,False,NEITHER
2117,0.9993277941358467,6514.47,1,False,False,NEITHER
2118,0.999477604133648,367207.98,1,False,False,NEITHER
2119,0.9935319699406711,372703.48,1,False,False,NEITHER
2120,0.9930210047141041,6514.47,1,False,False,NEITHER
2121,0.9953051003185975,344886.44,1,False,False,NEITHER
2122,0.9981134298766847,16514.64,1,False,False,NEITHER
2123,0.99920667787247,344886.44,1,False,False,NEITHER
2124,0.9958469433669805,367207.98,1,False,False,NEITHER
2125,0.9878688250815282,135977.23,1,False,False,NEITHER
2126,0.9997706414788478,135977.23,1,False,False,NEITHER
2127,0.9990783563637105,372703.48,1,False,False,NEITHER
2128,0.9999773982752989,4130371.73,1,True,True,BOTH
2129,0.9885248738613683,108779.53,1,False,False,NEITHER
2130,0.9999467034404276,4130371.73,1,False,False,NEITHER
2131,0.999952233461324,2046684.58,1,False,False,NEITHER
2132,0.9999764344648799,2046684.58,1,True,True,BOTH
2133,0.9999451825894612,773926.81,1,False,False,NEITHER
2134,0.999193945369101,773926.81,1,False,False,NEITHER
2135,0.9976045041895043,108779.53,1,False,False,NEITHER
2136,0.9985834247068374,8838.19,1,False,False,NEITHER
2137,0.0,5023.36,0,False,False,NEITHER
2138,0.998734514309385,69724.85,1,False,False,NEITHER
2139,0.999952233461324,1262207.3,1,False,False,NEITHER
2140,0.9978741800703647,1262207.3,1,False,False,NEITHER
2141,0.00012681159420289856,4482.48,0,False,False,NEITHER
2142,0.0,5991.01,0,False,False,NEITHER
2143,0.011943925782404483,186793.3,0,False,False,NEITHER
2144,0.0,1609.45,0,False,False,NEITHER
2145,0.02627772500548807,204791.09,0,False,False,NEITHER
2146,0.9996425186057725,390763.24,1,False,False,NEITHER
2147,0.9910018472490603,390763.24,1,False,False,NEITHER
2148,0.9892339673542689,221167.84,1,False,False,NEITHER
2149,0.0,12493.4,0,False,False,NEITHER
2150,0.9991447125325419,221167.84,1,False,False,NEITHER
2151,0.9829711030901103,10000000.0,1,False,False,NEITHER
2152,0.9897039968699162,8838.19,1,False,False,NEITHER
2153,0.9999823833197872,10000000.0,1,True,True,BOTH
2154,0.0,11315.17,0,False,False,NEITHER
2155,0.9913238890144518,280258.44,1,False,False,NEITHER
2156,0.9994903340614171,280258.44,1,False,False,NEITHER
2157,0.9864043355243562,69724.85,1,False,False,NEITHER
2158,0.10013574188961684,81980.67,0,False,False,NEITHER
2159,0.08244805988723383,91878.05,0,False,False,NEITHER
2160,0.09129581227992371,48703.08,0,False,False,NEITHER
2161,0.23310927694473058,38866.63,0,False,False,NEITHER
2162,0.0,12129.6,0,False,False,NEITHER
2163,0.0,5782.4,0,False,False,NEITHER
2164,1.7405430494314226e-06,143908.54,0,False,False,NEITHER
2165,0.04239948260736671,238651.35,0,False,False,NEITHER
2166,0.9999467034404276,8443528.7,1,False,False,NEITHER
2167,0.014642857142857145,582743.43,0,False,False,NEITHER
2168,0.9945899628494105,329424.14,1,False,False,NEITHER
2169,0.9987528539186461,329424.14,1,False,False,NEITHER
2170,0.999942762085593,621080.67,1,False,False,NEITHER
2171,0.9975891570460438,621080.67,1,False,False,NEITHER
2172,0.9998199584121882,1390048.67,1,False,False,NEITHER
2173,0.999952233461324,1390048.67,1,False,False,NEITHER
2174,0.9793353777629631,212028.15,1,False,False,NEITHER
2175,0.9995083467885812,212028.15,1,False,False,NEITHER
2176,0.0033747126436781604,64756.5,0,False,False,NEITHER
2177,0.04940785498013454,3304.04,0,False,False,NEITHER
2178,0.020298029872717418,93337.3,0,False,False,NEITHER
2179,0.016368347880528857,72253.83,0,False,False,NEITHER
2180,0.0,3391.55,0,False,False,NEITHER
2181,0.9981702592359681,8443528.7,1,False,False,NEITHER
2182,0.03776807976783532,54009.24,0,False,False,NEITHER
2183,0.0,9522.78,0,False,False,NEITHER
2184,0.01370607153679971,29262.52,0,False,False,NEITHER
2185,0.0038314535210087967,217920.38,0,False,False,NEITHER
2186,0.15117003269343054,65734.67,0,False,False,NEITHER
2187,0.0038314535210087967,186164.18,0,False,False,NEITHER
2188,0.006139145828701105,123968.98,0,False,False,NEITHER
2189,0.0,14517.95,0,False,False,NEITHER
2190,0.0,15874.85,0,False,False,NEITHER
2191,0.00012681159420289856,3897.5,0,False,False,NEITHER
2192,0.004765049818029951,97868.85,0,False,False,NEITHER
2193,0.008831453521008796,128146.34,0,False,False,NEITHER
2194,0.0,26586.35,0,False,False,NEITHER
2195,0.027039948993886474,61208.75,0,False,False,NEITHER
2196,0.0,5944.92,0,False,False,NEITHER
2197,0.011748120187675464,110424.46,0,False,False,NEITHER
2198,0.0,8706.33,0,False,False,NEITHER
2199,0.995880471131252,455386.57,1,False,False,NEITHER
2200,0.0,22152.93,0,False,False,NEITHER
2201,0.9981702592359681,6426126.34,1,False,False,NEITHER
2202,0.9981479778967375,921393.95,1,False,False,NEITHER
2203,0.0,2206.4,0,False,False,NEITHER
2204,0.999952233461324,1897921.7,1,False,False,NEITHER
2205,6.231198968629137e-05,161295.9,0,False,False,NEITHER
2206,0.9999303249257828,455386.57,1,False,False,NEITHER
2207,0.9999451825894612,921393.95,1,False,False,NEITHER
2208,0.9999467034404276,6426126.34,1,False,False,NEITHER
2209,0.055769244874845414,19341.18,0,False,False,NEITHER
2210,0.9999773982752989,1897921.7,1,True,True,BOTH
2211,0.0,12420.64,0,False,False,NEITHER
2212,0.0,6805.77,0,False,False,NEITHER
2213,0.0759891509338419,45467.16,0,False,False,NEITHER
2214,0.0,122802.86,0,False,False,NEITHER
2215,6.231198968629137e-05,302870.52,0,False,False,NEITHER
2216,0.008220211161387632,30480.15,0,False,False,NEITHER
2217,0.9996425186057725,394605.69,1,False,False,NEITHER
2218,0.9999773982752989,2624422.62,1,True,True,BOTH
2219,0.0,5389.93,0,False,False,NEITHER
2220,0.9916236479136696,394605.69,1,False,False,NEITHER
2221,0.9902443278766377,116798.38,1,False,False,NEITHER
2222,0.007459098053387073,105615.21,0,False,False,NEITHER
2223,0.10155873092735662,5405.67,0,False,False,NEITHER
2224,0.999952233461324,2624422.62,1,False,False,NEITHER
2225,0.9998471433737748,751854.42,1,False,False,NEITHER
2226,0.9822465575681412,407275.43,1,False,False,NEITHER
2227,0.9999830018904491,6512846.44,1,True,True,BOTH
2228,0.9991258527443649,751854.42,1,False,False,NEITHER
2229,0.9993249359305949,407275.43,1,False,False,NEITHER
2230,0.9993940736542076,116798.38,1,False,False,NEITHER
2231,0.9999467034404276,6512846.44,1,False,False,NEITHER
2232,0.020107682422021333,76237.14,0,False,False,NEITHER
2233,0.0,7412.89,0,False,False,NEITHER
2234,0.19696491935198737,5072.65,0,False,False,NEITHER
2235,0.9887504386225021,8851.38,1,False,False,NEITHER
2236,0.0,14922.3,0,False,False,NEITHER
2237,0.0,11884.03,0,False,False,NEITHER
2238,0.9990783563637105,371449.7,1,False,False,NEITHER
2239,0.0,11782.87,0,False,False,NEITHER
2240,0.004833333333333334,18590.53,0,False,False,NEITHER
2241,0.9999773982752989,10000000.0,1,True,True,BOTH
2242,0.9993126556171623,10000000.0,1,False,False,NEITHER
2243,0.9990783563637105,376639.05,1,False,False,NEITHER
2244,0.9944602581657774,371449.7,1,False,False,NEITHER
2245,0.9999823833197872,9749042.95,1,True,True,BOTH
2246,0.00012681159420289856,664.59,0,False,False,NEITHER
2247,0.9985834247068374,8851.38,1,False,False,NEITHER
2248,0.999952233461324,1293595.52,1,False,False,NEITHER
2249,0.9890955273204366,135289.71,1,False,False,NEITHER
2250,0.9991992439060569,135289.71,1,False,False,NEITHER
2251,0.0,2582.83,0,False,False,NEITHER
2252,0.007333333333333333,16582.49,0,False,False,NEITHER
2253,0.0,2929.85,0,False,False,NEITHER
2254,0.00597374699755877,134768.59,0,False,False,NEITHER
2255,0.0,7936.04,0,False,False,NEITHER
2256,0.9990709481458189,66941.04,1,False,False,NEITHER
2257,0.13362167508078335,48471.23,0,False,False,NEITHER
2258,0.011196593567181565,111963.72,0,False,False,NEITHER
2259,0.0,14364.85,0,False,False,NEITHER
2260,0.0,10216.57,0,False,False,NEITHER
2261,0.9966635440457136,376639.05,1,False,False,NEITHER
2262,0.0,8925.61,0,False,False,NEITHER
2263,0.9996762301961859,9749042.95,1,False,False,NEITHER
2264,0.9939530604175387,66941.04,1,False,False,NEITHER
2265,0.0,4618.33,0,False,False,NEITHER
2266,0.9981702592359681,1293595.52,1,False,False,NEITHER
2267,0.9999303249257828,479926.98,1,False,False,NEITHER
2268,0.9981702592359681,6219566.63,1,False,False,NEITHER
2269,0.9938251954014925,479926.98,1,False,False,NEITHER
2270,0.9989546910732954,534518.98,1,False,False,NEITHER
2271,0.999952233461324,1842163.57,1,False,False,NEITHER
2272,0.9999467034404276,6219566.63,1,False,False,NEITHER
2273,0.9958469433669805,366896.03,1,False,False,NEITHER
2274,0.999477604133648,366896.03,1,False,False,NEITHER
2275,0.9891526146359475,119306.06,1,False,False,NEITHER
2276,0.9999855220517394,1842163.57,1,True,True,BOTH
2277,0.9994231576552772,534518.98,1,False,False,NEITHER
2278,0.9993940736542076,119306.06,1,False,False,NEITHER
2279,0.9990709481458189,67299.57,1,False,False,NEITHER
2280,0.9906330551821706,67299.57,1,False,False,NEITHER
2281,0.9990618856057768,79039.81,1,False,False,NEITHER
2282,0.9986672524046231,71439.81,1,False,False,NEITHER
2283,0.9986286627988394,40075.02,1,False,False,NEITHER
2284,0.9882795832362936,71439.81,1,False,False,NEITHER
2285,0.9985221456907665,57040.65,1,False,False,NEITHER
2286,0.9875001832643866,57040.65,1,False,False,NEITHER
2287,0.9926371197242426,79039.81,1,False,False,NEITHER
2288,0.993181154054819,40075.02,1,False,False,NEITHER
2289,0.9978584829988975,561027.94,1,False,False,NEITHER
2290,0.9996855523173145,561027.94,1,False,False,NEITHER
2291,0.9987193357379565,71216.62,1,False,False,NEITHER
2292,0.9939991494724242,23639.56,1,False,False,NEITHER
2293,0.9993622933094204,23639.56,1,False,False,NEITHER
2294,0.9893000971599012,71216.62,1,False,False,NEITHER
2295,0.9997064954068487,3071270.72,1,False,False,NEITHER
2296,0.9982157731629003,21960.02,1,False,False,NEITHER
2297,0.9899353637774877,21960.02,1,False,False,NEITHER
2298,0.9999539772418403,3071270.72,1,False,False,NEITHER
2299,0.9981673577416987,1158396.74,1,False,False,NEITHER
2300,0.9949179516655401,59263.88,1,False,False,NEITHER
2301,0.9984416629287558,59263.88,1,False,False,NEITHER
2302,0.9999209616299026,444766.43,1,False,False,NEITHER
2303,0.9952828725412544,444766.43,1,False,False,NEITHER
2304,0.9999493319670545,1158396.74,1,False,False,NEITHER
2305,0.9999724095000431,2232257.71,1,False,False,NEITHER
2306,0.990027181928632,128893.5,1,False,False,NEITHER
2307,0.9995907842861199,1232697.94,1,False,False,NEITHER
2308,0.9999773982752989,6199009.0,1,True,True,BOTH
2309,0.9998038462975704,6199009.0,1,False,False,NEITHER
2310,0.999952233461324,1232697.94,1,False,False,NEITHER
2311,0.999952233461324,2232257.71,1,False,False,NEITHER
2312,0.9991678205864413,72955.08,1,False,False,NEITHER
2313,0.9904290007665283,72955.08,1,False,False,NEITHER
2314,0.9997706414788478,138373.64,1,False,False,NEITHER
2315,0.989158133432491,138373.64,1,False,False,NEITHER
2316,0.9999303249257828,457359.64,1,False,False,NEITHER
2317,0.9991728965071183,128893.5,1,False,False,NEITHER
2318,0.9947262826136668,457359.64,1,False,False,NEITHER
2319,0.9997219493415241,200482.72,1,False,False,NEITHER
2320,0.9898914590507047,72389.42,1,False,False,NEITHER
2321,0.999952233461324,1379501.18,1,False,False,NEITHER
2322,0.9940458193719298,506923.53,1,False,False,NEITHER
2323,0.9997517534972115,501425.84,1,False,False,NEITHER
2324,0.9877077024176408,89845.29,1,False,False,NEITHER
2325,0.9999303249257828,506923.53,1,False,False,NEITHER
2326,0.9913187619241641,309488.9,1,False,False,NEITHER
2327,0.998667378717249,309488.9,1,False,False,NEITHER
2328,0.9960193600201408,501425.84,1,False,False,NEITHER
2329,0.9936017838674719,89845.29,1,False,False,NEITHER
2330,0.9799934044945876,200482.72,1,False,False,NEITHER
2331,0.9986672524046231,72389.42,1,False,False,NEITHER
2332,0.9981702592359681,1379501.18,1,False,False,NEITHER
2333,0.9903741980065078,123259.24,1,False,False,NEITHER
2334,0.9975113136214476,123259.24,1,False,False,NEITHER
2335,0.9997872081246119,873322.61,1,False,False,NEITHER
2336,0.9997666111608897,873322.61,1,False,False,NEITHER
2337,0.9993614391656271,765104.94,1,False,False,NEITHER
2338,0.9902017691683461,54584.29,1,False,False,NEITHER
2339,0.9999830018904491,1539474.57,1,True,True,BOTH
2340,0.999952233461324,1539474.57,1,False,False,NEITHER
2341,0.9999539772418403,3547010.54,1,False,False,NEITHER
2342,0.9998471433737748,765104.94,1,False,False,NEITHER
2343,0.9906475063604897,316882.94,1,False,False,NEITHER
2344,0.9987247657746362,316882.94,1,False,False,NEITHER
2345,0.999952233461324,2216437.25,1,False,False,NEITHER
2346,0.9998827270789116,2216437.25,1,False,False,NEITHER
2347,0.99385075009083,54584.29,1,False,False,NEITHER
2348,0.9927526650863385,76960.91,1,False,False,NEITHER
2349,0.9983991175745877,76960.91,1,False,False,NEITHER
2350,0.9993626954820084,561446.32,1,False,False,NEITHER
2351,0.9964084294779677,185529.91,1,False,False,NEITHER
2352,0.9997219493415241,185529.91,1,False,False,NEITHER
2353,0.9996855523173145,561446.32,1,False,False,NEITHER
2354,0.9999830018904491,3547010.54,1,True,True,BOTH
2355,0.9908039831007739,9065.44,1,False,False,NEITHER
2356,0.9974470610704738,9065.44,1,False,False,NEITHER
2357,0.9997601688503187,834495.09,1,False,False,NEITHER
2358,0.9999451825894612,834495.09,1,False,False,NEITHER
2359,0.9944903340614171,276298.49,1,False,False,NEITHER
2360,0.9937790911992611,263401.81,1,False,False,NEITHER
2361,0.9991225918169364,124582.58,1,False,False,NEITHER
2362,0.9992832310833869,815384.83,1,False,False,NEITHER
2363,0.9999451825894612,815384.83,1,False,False,NEITHER
2364,0.9981702592359681,6377401.2,1,False,False,NEITHER
2365,0.9985072415821122,69039.64,1,False,False,NEITHER
2366,0.9914769158122155,276298.49,1,False,False,NEITHER
2367,0.990841390688222,69039.64,1,False,False,NEITHER
2368,0.9989807927332572,263401.81,1,False,False,NEITHER
2369,0.9999467034404276,6377401.2,1,False,False,NEITHER
2370,0.9902667842652013,124582.58,1,False,False,NEITHER
2371,0.9838773195619754,119143.75,1,False,False,NEITHER
2372,0.9981702592359681,6322399.97,1,False,False,NEITHER
2373,0.9994109338837633,252667.75,1,False,False,NEITHER
2374,0.9968389751056064,252667.75,1,False,False,NEITHER
2375,0.9934553979617385,287040.14,1,False,False,NEITHER
2376,0.9994903340614171,287040.14,1,False,False,NEITHER
2377,0.9993940736542076,119143.75,1,False,False,NEITHER
2378,0.9999467034404276,6322399.97,1,False,False,NEITHER
2379,0.9999467034404276,3846781.01,1,False,False,NEITHER
2380,0.9999473291375008,3846781.01,1,False,False,NEITHER
2381,0.9999493319670545,1102951.39,1,False,False,NEITHER
2382,0.9904882810279811,90026.9,1,False,False,NEITHER
2383,0.9981673577416987,1102951.39,1,False,False,NEITHER
2384,0.9936017838674719,90026.9,1,False,False,NEITHER
2385,0.99920667787247,338364.14,1,False,False,NEITHER
2386,0.9964084294779677,185488.23,1,False,False,NEITHER
2387,0.9997219493415241,185488.23,1,False,False,NEITHER
2388,0.8687846905990387,0.0,1,False,False,NEITHER
2389,0.9925369214718569,338364.14,1,False,False,NEITHER
2390,0.999952233461324,2154005.71,1,False,False,NEITHER
2391,0.9876405537523871,156396.46,1,False,False,NEITHER
2392,0.9959694035520069,403.56,1,False,False,NEITHER
2393,0.9997909431387434,1665334.68,1,False,False,NEITHER
2394,0.9998736876676132,1665334.68,1,False,False,NEITHER
2395,0.9981673577416987,1152538.9,1,False,False,NEITHER
2396,0.9993943092611666,10000000.0,1,False,False,NEITHER
2397,0.9981702592359681,10000000.0,1,False,False,NEITHER
2398,0.9996744021465758,10000000.0,1,False,False,NEITHER
2399,0.9962070771322735,10000000.0,1,False,False,NEITHER
2400,0.9999724095000431,10000000.0,1,False,False,NEITHER
2401,0.9966668875920839,7316255.05,1,False,False,NEITHER
2402,0.9995549802553337,3191058.32,1,False,False,NEITHER
2403,0.9999539772418403,3191058.32,1,False,False,NEITHER
2404,0.9981702592359681,2154005.71,1,False,False,NEITHER
2405,0.9997688976983317,156396.46,1,False,False,NEITHER
2406,0.9825834929919621,10000000.0,1,False,False,NEITHER
2407,0.9512112506431813,403.56,1,False,False,NEITHER
2408,0.9999493319670545,1152538.9,1,False,False,NEITHER
2409,0.8833943738364178,0.0,1,False,False,NEITHER
2410,0.9931869354022572,10000000.0,1,False,False,NEITHER
2411,0.9981702592359681,10000000.0,1,False,False,NEITHER
2412,0.9973029829364556,10000000.0,1,False,False,NEITHER
2413,0.9843949072234648,31887.18,1,False,False,NEITHER
2414,0.9832375477379367,147186.94,1,False,False,NEITHER
2415,0.9997706414788478,147186.94,1,False,False,NEITHER
2416,0.9890871045378501,302227.56,1,False,False,NEITHER
2417,0.9880558139517912,429359.76,1,False,False,NEITHER
2418,0.9999209616299026,429359.76,1,False,False,NEITHER
2419,0.9999303249257828,508929.61,1,False,False,NEITHER
2420,0.9980418174429316,302227.56,1,False,False,NEITHER
2421,0.9976517031687026,31887.18,1,False,False,NEITHER
2422,0.9995018553896848,219934.26,1,False,False,NEITHER
2423,0.9876497003445397,219275.19,1,False,False,NEITHER
2424,0.9995018553896848,219275.19,1,False,False,NEITHER
2425,0.9940771113429485,508929.61,1,False,False,NEITHER
2426,0.984753636618321,81677.17,1,False,False,NEITHER
2427,0.9964411521852153,219934.26,1,False,False,NEITHER
2428,0.9987295498636591,81677.17,1,False,False,NEITHER
2429,0.9988596864095567,311832.17,1,False,False,NEITHER
2430,0.9962383364372362,311832.17,1,False,False,NEITHER
2431,0.9791835756795675,59677.48,1,False,False,NEITHER
2432,0.9998900584572107,1157971.07,1,False,False,NEITHER
2433,0.9999493319670545,1157971.07,1,False,False,NEITHER
2434,0.9882116121907485,59677.48,1,False,False,NEITHER
2435,0.9994109338837633,249365.63,1,False,False,NEITHER
2436,0.9969453580843299,249365.63,1,False,False,NEITHER
2437,0.9992591339059728,417129.11,1,False,False,NEITHER
2438,0.9915844348254182,417129.11,1,False,False,NEITHER
2439,0.9999451825894612,905919.58,1,False,False,NEITHER
2440,0.9999084598900859,1548376.44,1,False,False,NEITHER
2441,0.9912878791556325,105903.18,1,False,False,NEITHER
2442,0.9969996261268677,57543.34,1,False,False,NEITHER
2443,0.9993133719346622,105903.18,1,False,False,NEITHER
2444,0.999952233461324,1548376.44,1,False,False,NEITHER
2445,0.999757599963711,905919.58,1,False,False,NEITHER
2446,0.9999209616299026,438859.1,1,False,False,NEITHER
2447,0.991196288260774,438859.1,1,False,False,NEITHER
2448,0.9871890721532753,57543.34,1,False,False,NEITHER
2449,0.9993622933094204,23912.2,1,False,False,NEITHER
2450,0.9936542140604478,23912.2,1,False,False,NEITHER
2451,0.999952233461324,2079746.13,1,False,False,NEITHER
2452,0.9981702592359681,2079746.13,1,False,False,NEITHER
2453,0.9996133440062072,10000000.0,1,False,False,NEITHER
2454,0.9999773982752989,10000000.0,1,True,True,BOTH
2455,0.9998007183098089,1810044.85,1,False,False,NEITHER
2456,0.9999753101566937,1810044.85,1,False,False,NEITHER
2457,0.9992591339059728,417103.68,1,False,False,NEITHER
2458,0.9931652366438489,444898.97,1,False,False,NEITHER
2459,0.9999209616299026,444898.97,1,False,False,NEITHER
2460,0.9913778873395708,256417.06,1,False,False,NEITHER
2461,0.9985839267246149,92735.71,1,False,False,NEITHER
2462,0.9936937843988473,92735.71,1,False,False,NEITHER
2463,0.9994197058135879,243459.96,1,False,False,NEITHER
2464,0.9869646767661264,243459.96,1,False,False,NEITHER
2465,0.9975113136214476,123146.28,1,False,False,NEITHER
2466,0.9955445531931174,417103.68,1,False,False,NEITHER
2467,0.9955772393239627,123146.28,1,False,False,NEITHER
2468,0.9990972273200568,256417.06,1,False,False,NEITHER
2469,0.9996984751631203,172915.56,1,False,False,NEITHER
2470,0.9862414126191728,172915.56,1,False,False,NEITHER
2471,0.9981702592359681,3912252.81,1,False,False,NEITHER
2472,0.9999467034404276,3912252.81,1,False,False,NEITHER
2473,0.9994815621315926,274799.58,1,False,False,NEITHER
2474,0.9962229961749957,274799.58,1,False,False,NEITHER
2475,0.9988249240927872,10000000.0,1,False,False,NEITHER
2476,0.9981702592359681,10000000.0,1,False,False,NEITHER
2477,0.999952233461324,1314660.84,1,False,False,NEITHER
2478,0.9981702592359681,1314660.84,1,False,False,NEITHER
2479,0.999481006862769,537539.57,1,False,False,NEITHER
2480,0.9994923326149133,537539.57,1,False,False,NEITHER
2481,0.9984974058660326,53315.31,1,False,False,NEITHER
2482,0.9750111390990409,53315.31,1,False,False,NEITHER
2483,0.9981702592359681,1281113.84,1,False,False,NEITHER
2484,0.9996984751631203,167606.49,1,False,False,NEITHER
2485,0.9997219493415241,190100.29,1,False,False,NEITHER
2486,0.9850335787876356,190100.29,1,False,False,NEITHER
2487,0.999952233461324,1281113.84,1,False,False,NEITHER
2488,0.9886534879893341,167606.49,1,False,False,NEITHER
2489,0.9997872081246119,946705.53,1,False,False,NEITHER
2490,0.9998064748241974,946705.53,1,False,False,NEITHER
2491,0.9999823833197872,2194533.79,1,True,True,BOTH
2492,0.999952233461324,2194533.79,1,False,False,NEITHER
2493,0.9993133719346622,106584.32,1,False,False,NEITHER
2494,0.9835184597308461,114490.39,1,False,False,NEITHER
2495,0.9979936786703189,814689.88,1,False,False,NEITHER
2496,0.9993940736542076,114490.39,1,False,False,NEITHER
2497,0.9802249886117798,297846.16,1,False,False,NEITHER
2498,0.9987313613526517,108240.74,1,False,False,NEITHER
2499,0.9901498952129449,108240.74,1,False,False,NEITHER
2500,0.9993820338770764,297846.16,1,False,False,NEITHER
2501,0.987858686175684,106584.32,1,False,False,NEITHER
2502,0.9999451825894612,814689.88,1,False,False,NEITHER
2503,0.9836125756705851,8116.53,1,False,False,NEITHER
2504,0.9997219493415241,194521.28,1,False,False,NEITHER
2505,0.9997688976983317,156691.56,1,False,False,NEITHER
2506,0.9999473291375008,7758036.72,1,False,False,NEITHER
2507,0.9999467034404276,7758036.72,1,False,False,NEITHER
2508,0.9878694560263105,176549.59,1,False,False,NEITHER
2509,0.9838359500759671,194521.28,1,False,False,NEITHER
2510,0.9991336318968869,8116.53,1,False,False,NEITHER
2511,0.9997219493415241,176549.59,1,False,False,NEITHER
2512,0.9876405537523871,156691.56,1,False,False,NEITHER
2513,0.9999451825894612,748139.48,1,False,False,NEITHER
2514,0.9977836449689059,748139.48,1,False,False,NEITHER
2515,0.999952233461324,1312694.5,1,False,False,NEITHER
2516,0.9981702592359681,1312694.5,1,False,False,NEITHER
2517,0.999952233461324,1755647.81,1,False,False,NEITHER
2518,0.9999793441714965,1755647.81,1,True,True,BOTH
2519,0.9999798631584967,10000000.0,1,True,True,BOTH
2520,0.9998468159396792,10000000.0,1,False,False,NEITHER
2521,0.9981702592359681,10000000.0,1,False,False,NEITHER
2522,0.9963422122674086,10000000.0,1,False,False,NEITHER
2523,0.9999473291375008,10000000.0,1,False,False,NEITHER
2524,0.9975971005835145,10000000.0,1,False,False,NEITHER
2525,0.8801072346384735,0.0,1,False,False,NEITHER
2526,0.9999467034404276,5674547.89,1,False,False,NEITHER
2527,0.9983596065493262,48442.88,1,False,False,NEITHER
2528,0.9966373981510537,144945.34,1,False,False,NEITHER
2529,0.9931869354022572,10000000.0,1,False,False,NEITHER
2530,0.9853974196904978,48442.88,1,False,False,NEITHER
2531,0.9981702592359681,10000000.0,1,False,False,NEITHER
2532,0.9981310734765891,62297.18,1,False,False,NEITHER
2533,0.9995783337865402,144945.34,1,False,False,NEITHER
2534,0.9939530604175387,62297.18,1,False,False,NEITHER
2535,0.9993940736542076,114149.44,1,False,False,NEITHER
2536,0.9964611874712574,114149.44,1,False,False,NEITHER
2537,0.9985779403778108,323726.61,1,False,False,NEITHER
2538,0.9868986987662933,323726.61,1,False,False,NEITHER
2539,0.9993936057252806,383661.1,1,False,False,NEITHER
2540,0.992405786102552,383661.1,1,False,False,NEITHER
2541,0.9981702592359681,1819543.69,1,False,False,NEITHER
2542,0.9948652476558812,258355.42,1,False,False,NEITHER
2543,0.9985773508550583,258355.42,1,False,False,NEITHER
2544,0.9888648818475293,303846.74,1,False,False,NEITHER
2545,0.9970450057248127,652993.91,1,False,False,NEITHER
2546,0.9999773982752989,4009058.39,1,True,True,BOTH
2547,0.9999467034404276,4009058.39,1,False,False,NEITHER
2548,0.9906330551821706,63416.99,1,False,False,NEITHER
2549,0.9993848586371936,652993.91,1,False,False,NEITHER
2550,0.99385075009083,54652.46,1,False,False,NEITHER
2551,0.9820631763096326,54652.46,1,False,False,NEITHER
2552,0.9988730019887844,303846.74,1,False,False,NEITHER
2553,0.999952233461324,1819543.69,1,False,False,NEITHER
2554,0.9982560734765892,63416.99,1,False,False,NEITHER
2555,0.9997666111608897,850002.52,1,False,False,NEITHER
2556,0.9999766970391322,1258818.82,1,True,True,BOTH
2557,0.999952233461324,1258818.82,1,False,False,NEITHER
2558,0.9999467034404276,6311409.28,1,False,False,NEITHER
2559,0.9999513103151362,6311409.28,1,False,False,NEITHER
2560,0.99920667787247,339682.13,1,False,False,NEITHER
2561,0.9963912400554666,339682.13,1,False,False,NEITHER
2562,0.9994780749571542,850002.52,1,False,False,NEITHER
